{
  "Adresregister": {
    "location": "https://test.data.vlaanderen.be/shacl/adresregister-SHACL.ttl",
    "dependencies": ["https://data.vlaanderen.be/ns/adres.ttl"]
  },
  "Dienstencataloog": {
    "location": "https://test.data.vlaanderen.be/shacl/dienstencataloog-SHACL.ttl",
    "dependencies": ["https://data.vlaanderen.be/ns/dienst.ttl"]
  },
  "Generiek": {
    "location": "https://test.data.vlaanderen.be/shacl/generiek-basis-SHACL.ttl",
    "dependencies": ["https://data.vlaanderen.be/ns/generiek.ttl"]
  },
  "Melding": {
    "location": "https://test.data.vlaanderen.be/shacl/generieke-terugmeldfaciliteit-SHACL.ttl",
    "dependencies": ["https://data.vlaanderen.be/ns/melding.ttl"]
  },
  "Notificatie": {
    "location": "https://test.data.vlaanderen.be/shacl/notificatie-basis-SHACL.ttl",
    "dependencies": ["https://data.vlaanderen.be/ns/notificatie.ttl"]
  },
  "Organisatie": {
    "location": "https://test.data.vlaanderen.be/shacl/organisatie-basis-SHACL.ttl",
    "dependencies": ["https://data.vlaanderen.be/ns/organisatie.ttl"]
  },
  "Persoon": {
    "location": "https://test.data.vlaanderen.be/shacl/persoon-basis-SHACL.ttl",
    "dependencies": ["https://data.vlaanderen.be/ns/persoon.ttl"]
  },
  "Subsidie": {
    "location": "https://test.data.vlaanderen.be/shacl/subsidieregister-SHACL.ttl",
    "dependencies": ["https://data.vlaanderen.be/ns/subsidie.ttl"]
  },
  "Toestemming": {
    "location": "https://test.data.vlaanderen.be/shacl/contactvoorkeuren-SHACL.ttl",
    "dependencies": ["https://data.vlaanderen.be/ns/toestemming.ttl"]
  },
  "Transactie": {
    "location": "https://test.data.vlaanderen.be/shacl/dienst-transactiemodel-SHACL.ttl",
    "dependencies": ["https://data.vlaanderen.be/ns/transactie.ttl"]
  },
   "Vlaamse Codex": {
    "location": "https://test.data.vlaanderen.be/shacl/vlaamse-codex.ttl",
    "dependencies": ["https://data.vlaanderen.be/ns/wetgeving.ttl", "https://data.vlaanderen.be/ns/besluit.ttl", "http://data.europa.eu/eli/ontology"]
  }
}
