{
  "title": "Opleidingssessies voorjaar 2022",
  "sessions": [
    {
      "Sessie": "Sessie 1",
      "title": "Introductie in OSLO",
      "description": "Deze sessie geeft een algemene introductie over Open Standaarden voor Linkende Organisaties (OSLO).",
      "audience": null,
      "day": "2022-04-20",
      "start": "9:30",
      "end": "10:30",
      "dependencies": null,
      "join": "https://dynamicforms.crmiv.vlaanderen.be/EventModule/Page/Show/869df4b5-4f8b-4dd4-a978-5a645bb813c7?PreFillIds=f786af87-a2e1-e711-8143-e0071b647f91,37202c9f-24a1-ec11-b400-000d3ab5a073",
      "rewatch": "https://digitaalvlaanderen.wetransfer.com/downloads/8af9cc85f12309265a88651ad64b323d20220426151841/a20246097ecfd6a5a663137a71420cea20220426151841/2ee056"
    },
    {
      "Sessie": "Sessie 2",
      "title": "Technische inleiding in Linked Open Data en OSLO",
      "description": "In deze sessie focussen we ons op het 5-sterrenmodel van sir Tim Berners-Lee om datasets als Linked Open Data te publiceren. We laten de deelnemers inzicht krijgen in de verschillende mogelijkheden en doorlopen samen met hen dit groeimodel om uiteindelijk de data publiceren als Linked Open Data gebruik makende van OSLO standaarden. Tijdens deze sessie wordt er ook een oefening gemaakt met de deelnemers over de opbouw van een JSON-LD snippet die de URIs van OSLO hergebruikt.",
      "audience": [
        "Ontwikkelaars"
      ],
      "day": "2022-04-20",
      "start": "10:30",
      "end": "12:00",
      "dependencies": [
        "Sessie 1"
      ],
      "join": "https://dynamicforms.crmiv.vlaanderen.be/EventModule/Page/Show/869df4b5-4f8b-4dd4-a978-5a645bb813c7?PreFillIds=f786af87-a2e1-e711-8143-e0071b647f91,6c77b825-1373-4686-9c8a-7ef2d52db56e",
      "rewatch": "https://digitaalvlaanderen.wetransfer.com/downloads/6d040dcf861a8f223525e98fbd743efd20220426152451/624e13f1b588cb84166a4cc8842ece6e20220426152452/e4a587"
    },
    {
      "Sessie": "Sessie 3",
      "title": "Hoe breng ik OSLO in mijn organisatie?",
      "description": "Deze sessie focust op de business verantwoordelijken die een goed begrip van de meerwaarde van OSLO moeten hebben om dit in te passen in de strategie, projectplannen,..",
      "audience": [
        "Business verantwoordelijken",
        "..."
      ],
      "day": "2022-04-20",
      "start": "15:00",
      "end": "17:00",
      "dependencies": [
        "Sessie 1"
      ],
      "join": "https://dynamicforms.crmiv.vlaanderen.be/EventModule/Page/Show/869df4b5-4f8b-4dd4-a978-5a645bb813c7?PreFillIds=f786af87-a2e1-e711-8143-e0071b647f91,f8b90f0e-3368-4deb-acb0-345d966b3f92",
      "rewatch": "https://digitaalvlaanderen.wetransfer.com/downloads/bc295f94a9b1528b254cb266b856458120220426154343/414930e7c062cedf8e293f77a5a79deb20220426154343/69c2b0"
    },
    {
      "Sessie": "Sessie 4",
      "title": "Hoe aligneer ik mijn data met bestaande OSLO-standaarden en ontwikkel ik, waar nodig, mijn eigen standaard?",
      "description": "Als jouw organisatie data heeft die inhoudelijk overeenkomt met een bestaande OSLO-standaard, dan is deze sessie iets voor jou. We lichten toe hoe je jouw data kan mappen op OSLO, zodat je deze gestandaardiseerd en gemakkelijk begrijpbaar kan delen met jouw stakeholders. Het is mogelijk dat je na de mappingsoefening ontdekt dat jouw organisatie data heeft die nuttig is voor anderen, maar waarvoor vandaag de dag nog geen (OSLO-)standaard bestaat. We lichten in deze sessie daarom ook toe hoe je dan vervolgens een OSLO-traject kan opstarten om je eigen standaard te ontwikkelen.",
      "audience": [
        "Business analisten",
        "..."
      ],
      "day": "2022-04-21",
      "start": "10:00",
      "end": "12:00",
      "dependencies": [
        "Sessie 1"
      ],
      "join": "https://dynamicforms.crmiv.vlaanderen.be/EventModule/Page/Show/869df4b5-4f8b-4dd4-a978-5a645bb813c7?PreFillIds=f786af87-a2e1-e711-8143-e0071b647f91,61b4da43-224d-42a3-987a-9c75d6f0f670",
      "rewatch": "https://digitaalvlaanderen.wetransfer.com/downloads/091652a50650a7033cb9522c5e25a15620220426155707/0d0b3f5149a111e85f0133526773d72620220426155707/e0e9fd"
    },
    {
      "Sessie": "Sessie 5",
      "title": "OSLO in een bestek of aanbesteding, hoe ga ik ermee om als bestuur en als leverancier?",
      "description": "Hoe neem ik de OSLO standaarden mee in mijn bestekken? Hoe weet ik of mijn huidige toepassing of nieuwe software in overeenstemming is met de OSLO-specificaties? In deze sessie worden deelnemers gegidst in instrumenten die voorzien worden om het aankoopproces te OSLO-gewijs te faciliteren.",
      "audience": null,
      "day": "2022-04-21",
      "start": "13:00",
      "end": "15:00",
      "dependencies": [
        "Sessie 1"
      ],
      "join": "https://dynamicforms.crmiv.vlaanderen.be/EventModule/Page/Show/869df4b5-4f8b-4dd4-a978-5a645bb813c7?PreFillIds=f786af87-a2e1-e711-8143-e0071b647f91,9987288f-d010-49ed-9b86-236534a05f29",
      "rewatch": "https://digitaalvlaanderen.wetransfer.com/downloads/2ae66cca406626af2a4af2db0d494b2f20220426162155/3a14fdb6bd3a66b3bb1a8fdd8cd1069720220426162155/0f9f4e"
    },
    {
      "Sessie": "Sessie 6",
      "title": "Hoe ontsluit ik data volgens OSLO?",
      "description": "In deze sessie duiden we welke stappen een ontwikkelaar moet zetten om OSLO toe te passen. Vertrekkende vanuit het voorbeeldbestek van sessie 5 leggen we uit hoe data semantisch beschreven kan worden conform OSLO en hoe deze data ontsloten kan worden met een API. We maken in deze sessie oefeningen en de nadruk ligt hierbij op een actieve participatie.",
      "audience": "Ontwikkelaars",
      "day": "2022-04-22",
      "start": "9:30",
      "end": "12:00",
      "dependencies": [
        "Sessie 2"
      ],
      "join": "https://dynamicforms.crmiv.vlaanderen.be/EventModule/Page/Show/869df4b5-4f8b-4dd4-a978-5a645bb813c7?PreFillIds=f786af87-a2e1-e711-8143-e0071b647f91,3ab56240-987a-450a-b525-5d7fa7eea8f3",
      "rewatch": "https://digitaalvlaanderen.wetransfer.com/downloads/c2687acdecaa8fe180cc8311f0e08ab320220426162925/05d5ebaeac2ae1f6b7c66b1709e6c1a420220426162925/18e0b4"
    }
  ],
  "boom": {
    "filename": "OSLO_beslissingsboom_2022_april.jpg",
    "viewbox": "0 0 2268 1322",
    "sessions": [
      {
        "Sessie": "Sessie 1",
        "offset-x": "1534",
        "offset-y": "200",
        "width": "321",
        "height": "90"
      },
      {
        "Sessie": "Sessie 2",
        "offset-x": "1324",
        "offset-y": "784",
        "width": "320",
        "height": "127"
      },
      {
        "Sessie": "Sessie 3",
        "offset-x": "0",
        "offset-y": "675",
        "width": "322",
        "height": "85"
      },
      {
        "Sessie": "Sessie 4",
        "offset-x": "512",
        "offset-y": "1119",
        "width": "322",
        "height": "202"
      },
      {
        "Sessie": "Sessie 5",
        "offset-x": "422",
        "offset-y": "678",
        "width": "322",
        "height": "127"
      },
      {
        "Sessie": "Sessie 6",
        "offset-x": "1720",
        "offset-y": "948",
        "width": "322",
        "height": "109"
      }
    ],
    "links": [
      {
        "url": "https://data.vlaanderen.be",
        "offset-x": "1933",
        "offset-y": "210",
        "width": "334",
        "height": "75"
      }
    ]
  }
}
