{
  "title": "Opleidingssessies voorjaar 2021",
  "sessions": [
    {
      "Sessie": "Sessie 1",
      "title": "Introductie in OSLO",
      "description": "Deze sessie geeft een algemene introductie over Open Standaarden voor Linkende Organisaties (OSLO).",
      "audience": null,
      "day": "2022-04-21",
      "start": "9:30",
      "end": "10:30",
      "dependencies": null,
      "join": "https://dynamicforms.crmiv.vlaanderen.be/EventModule/Page/Show/869df4b5-4f8b-4dd4-a978-5a645bb813c7?PreFillIds=f786af87-a2e1-e711-8143-e0071b647f91,d633309c-ff91-eb11-b1ac-000d3adb2ef0",
      "rewatch": "https://we.tl/t-7fhMiWeIvT"
    },
    {
      "Sessie": "Sessie 2",
      "title": "Technische inleiding in Linked Open Data en OSLO",
      "description": "In deze sessie focussen we ons op het 5-sterrenmodel van sir Tim Berners-Lee om datasets als Linked Open Data te publiceren.We laten de deelnemers inzicht krijgen in de verschillende mogelijkheden en doorlopen samen met hen dit groeimodel om uiteindelijk de data publiceren als Linked Open Data gebruik makende van OSLO standaarden.",
      "audience": null,
      "day": "2022-04-21",
      "start": "11:00",
      "end": "12:00",
      "dependencies": [
        "Sessie 1"
      ],
      "join": "https://dynamicforms.crmiv.vlaanderen.be/EventModule/Page/Show/869df4b5-4f8b-4dd4-a978-5a645bb813c7?PreFillIds=f786af87-a2e1-e711-8143-e0071b647f91,14eac195-7a92-4ae0-88d4-1c19f283ac60",
      "rewatch": "https://we.tl/t-OB5JA9t5vZ"
    },
    {
      "Sessie": "Sessie 3",
      "title": "Hoe breng ik OSLO in mijn organisatie?",
      "description": "Deze sessie focust op de business verantwoordelijken die een goed begrip van de meerwaarde van OSLO moeten hebben om dit in te passen in de strategie, projectplannen,..",
      "audience": null,
      "day": "2022-04-21",
      "start": "15:00",
      "end": "17:00",
      "dependencies": [
        "Sessie 1"
      ],
      "join": "https://dynamicforms.crmiv.vlaanderen.be/EventModule/Page/Show/869df4b5-4f8b-4dd4-a978-5a645bb813c7?PreFillIds=f786af87-a2e1-e711-8143-e0071b647f91,aadfceef-01ab-4118-ac83-252256aa3592",
      "rewatch": "https://we.tl/t-TolRgA8z3n"
    },
    {
      "Sessie": "Sessie 4",
      "title": "Hoe aligneer ik mijn data met bestaande OSLO-standaarden en ontwikkel ik, waar nodig, mijn eigen standaard?",
      "description": "Als jouw organisatie data heeft die inhoudelijk overeenkomt met een bestaande OSLO-standaard, dan is deze sessie iets voor jou. We lichten toe hoe je jouw data kan mappen op OSLO, zodat je deze gestandaardiseerd en gemakkelijk begrijpbaar kan delen met jouw stakeholders. Het is mogelijk dat je na de mappingsoefening ontdekt dat jouw organisatie data heeft die nuttig is voor anderen, maar waarvoor vandaag de dag nog geen (OSLO-)standaard bestaat. We lichten in deze sessie daarom ook toe hoe je dan vervolgens een OSLO-traject kan opstarten om je eigen standaard te ontwikkelen.",
      "audience": null,
      "day": "2022-04-22",
      "start": "10:00",
      "end": "12:00",
      "dependencies": [
        "Sessie 1"
      ],
      "join": "https://dynamicforms.crmiv.vlaanderen.be/EventModule/Page/Show/869df4b5-4f8b-4dd4-a978-5a645bb813c7?PreFillIds=f786af87-a2e1-e711-8143-e0071b647f91,3358abd7-c87d-4de8-9383-3fad7f4a65ec",
      "rewatch": "https://we.tl/t-HrBOgkD6ts"
    },
    {
      "Sessie": "Sessie 5",
      "title": "OSLO in een bestek of aanbesteding, hoe ga ik ermee om als bestuur en als leverancier?",
      "description": "Hoe neem ik de OSLO standaarden mee in mijn bestekken? Hoe weet ik of mijn huidige toepassing of nieuwe software in overeenstemming is met de OSLO-specificaties? In deze sessie worden deelnemers gegidst in instrumenten die voorzien worden om het aankoopproces te OSLO-gewijs te faciliteren.",
      "audience": null,
      "day": "2022-04-222",
      "start": "13:00",
      "end": "14:00",
      "dependencies": [
        "Sessie 1"
      ],
      "join": "https://dynamicforms.crmiv.vlaanderen.be/EventModule/Page/Show/869df4b5-4f8b-4dd4-a978-5a645bb813c7?PreFillIds=f786af87-a2e1-e711-8143-e0071b647f91,80d954ab-2af8-4358-bfd8-c0d9671b6ecd",
      "rewatch": "https://we.tl/t-HvTp9sSroe"
    },
    {
      "Sessie": "Sessie 6",
      "title": "Hoe ontsluit ik data volgens OSLO met een API?",
      "description": "Heb je data ter beschikking die je graag semantisch wil beschrijven conform OSLO en via een API wil ontsluiten? Wens je dat gebruikers up-to-date blijven met de recentste versie van jouw dataset? In deze sessie duiden we welke stappen hiervoor nodig zijn. We lichten verschillende bestaande manieren toe om data te ontsluiten zoals data dumps en SPARQL-endpoints (LBLOD Decision Data Hive). We lichten ook een meer schaalbare optie toe zoals fragmentering volgens de nieuwe Linked Data Event Stream (GRB, CoGhent) die de levensloop van uw objecten beschrijft.We maken in deze sessie oefeningen en de nadruk ligt hierbij op een actieve participatie. ",
      "audience": null,
      "day": "2022-04-23",
      "start": "10:00",
      "end": "12:00",
      "dependencies": [
        "Sessie 2"
      ],
      "join": "https://dynamicforms.crmiv.vlaanderen.be/EventModule/Page/Show/869df4b5-4f8b-4dd4-a978-5a645bb813c7?PreFillIds=f786af87-a2e1-e711-8143-e0071b647f91,5f61992e-ee2c-4102-ad2f-c77c753ab637",
      "rewatch": "https://we.tl/t-teVKXlJTZu"
    },
    {
      "Sessie": "Sessie 7",
      "title": "Interoperabiliteit als basis voor een Vlaamse dataspace",
      "description": "Raf Buyle gaat in gesprek met een aantal inspirerende sprekers die ervaring hebben met het implementeren van OSLO standaarden. Ze hebben het onder andere over het belang van interoperabiliteit voor een Vlaamse dataspace.",
      "audience": null,
      "day": "23 april",
      "start": "13:00",
      "end": "14:00",
      "dependencies": null,
      "join": "https://dynamicforms.crmiv.vlaanderen.be/EventModule/Page/Show/869df4b5-4f8b-4dd4-a978-5a645bb813c7?PreFillIds=f786af87-a2e1-e711-8143-e0071b647f91,dfda5fe8-40ac-4144-80b9-84244ec9c2fd",
      "rewatch": "https://www.youtube.com/watch?v=utfqbZG0tPc"
    }
  ],
  "sprekers": [
    {
      "name": "Erik Mannens",
      "function": "Research director en professor bij imec-IDLab-UGent"
    },
    {
      "name": "Veronique Volders",
      "function": "Manager Digitale Oplossingen, Agentschap Binnenlands Bestuur"
    },
    {
      "name": "Olivier Van D’huynslager",
      "function": "Hoofd digitaal en projectcoördinator CoGent, Design Museum Gent"
    }
  ],
  "boom": {
    "filename": "OSLO_beslissingsboom.jpg",
    "viewbox": "0 0 2428 1782",
    ,
    "sessions": [
      {
        "Sessie": "Sessie 1",
        "offset-x": "1344",
        "offset-y": "219",
        "width": "406",
        "height": "73"
      },
      {
        "Sessie": "Sessie 2",
        "offset-x": "797",
        "offset-y": "862",
        "width": "367",
        "height": "95"
      },
      {
        "Sessie": "Sessie 3",
        "offset-x": "703",
        "offset-y": "1637",
        "width": "555",
        "height": "143"
      },
      {
        "Sessie": "Sessie 4",
        "offset-x": "392",
        "offset-y": "864",
        "width": "371",
        "height": "137"
      },
      {
        "Sessie": "Sessie 5",
        "offset-x": "1530",
        "offset-y": "1121",
        "width": "388",
        "height": "104"
      },
      {
        "Sessie": "Sessie 6",
        "offset-x": "2034",
        "offset-y": "1266",
        "width": "333",
        "height": "132"
      },
      {
        "Sessie": "Sessie 7",
        "offset-x": "27",
        "offset-y": "714",
        "width": "354",
        "height": "150"
      }
    ],
    "links": [
      {
        "url": "https://data.vlaanderen.be",
        "offset-x": "1840",
        "offset-y": "212",
        "width": "531",
        "height": "81"
      }
    ]
  }
}
