[
    {
        "urlref": "/doc/applicatieprofiel/bestuurlijk-sanctieregister/kandidaatstandaard/2022-06-23",
        "repository": "https://github.com/Informatievlaanderen/OSLOthema-bestuurlijkSanctieregister",
        "branchtag": "bestuurlijkSanctieregister_0.3.0",
        "name": "bestuurlijk-sanctieregister-ap",
        "filename": "config/bestuurlijk-sanctieregister-ap.json",
        "disabled": false,
        "dummy": "003",
        "navigation": {
            "prev": "/doc/applicatieprofiel/bestuurlijk-sanctieregister/ontwerpstandaard/2021-02-28"
        }
    },
    {
        "urlref": "/doc/vocabularium/bestuurlijk-sanctieregister/kandidaatstandaard/2022-06-23",
        "repository": "https://github.com/Informatievlaanderen/OSLOthema-bestuurlijkSanctieregister",
        "branchtag": "bestuurlijkSanctieregister_0.3.0",
        "name": "bestuurlijke-sancties",
        "filename": "config/bestuurlijk-sanctieregister-voc.json",
        "dummy": "003",
        "disabled": false,
        "navigation": {
            "prev": "/doc/vocabularium/bestuurlijk-sanctieregister/ontwerpstandaard/2021-02-28"
        }
    },
    {
        "urlref": "/doc/applicatieprofiel/bestuurlijk-sanctieregister/ontwerpstandaard/2021-02-28",
        "repository": "https://github.com/Informatievlaanderen/OSLOthema-bestuurlijkSanctieregister",
        "branchtag": "ontwerp-2021-02-28",
        "name": "bestuurlijk-sanctieregister-ap",
        "filename": "config/bestuurlijk-sanctieregister-ap.json",
        "dummy": "001",
        "navigation": {
            "next": "/doc/applicatieprofiel/bestuurlijk-sanctieregister/kandidaatstandaard/2022-06-23"
        }
    },
    {
        "urlref": "/doc/applicatieprofiel/bestuurlijk-sanctieregister/kandidaatstandaard/2022-06-23",
        "repository": "https://github.com/Informatievlaanderen/OSLOthema-bestuurlijkSanctieregister",
        "branchtag": "kandidaat-2022-06-23-02",
        "name": "bestuurlijk-sanctieregister-ap",
        "filename": "config/bestuurlijk-sanctieregister-ap.json",
        "dummy": "001",
        "navigation": {
            "prev": "/doc/applicatieprofiel/bestuurlijk-sanctieregister/ontwerpstandaard/2021-02-28"
        }
    },
    {
        "urlref": "/doc/vocabularium/bestuurlijke-sancties/ontwerpstandaard/2021-02-28",
        "repository": "https://github.com/Informatievlaanderen/OSLOthema-bestuurlijkSanctieregister",
        "branchtag": "ontwerp-2021-02-28",
        "name": "bestuurlijk-sanctieregister-voc",
        "filename": "config/bestuurlijk-sanctieregister-voc.json",
        "dummy": "001",
        "navigation": {
            "next": "/doc/vocabularium/bestuurlijke-sancties/kandidaatstandaard/2022-06-23"
        }
    },
    {
        "urlref": "/doc/vocabularium/bestuurlijke-sancties/kandidaatstandaard/2022-06-23",
        "repository": "https://github.com/Informatievlaanderen/OSLOthema-bestuurlijkSanctieregister",
        "branchtag": "kandidaat-2022-06-23-03",
        "name": "bestuurlijke-sancties",
        "filename": "config/bestuurlijk-sanctieregister-voc.json",
        "dummy": "001",
        "navigation": {
            "prev": "/doc/vocabularium/bestuurlijke-sancties/ontwerpstandaard/2021-02-28"
        }
    },
    {
        "urlref": "/doc/applicatieprofiel/bestuurlijk-sanctieregister",
        "seealso": "/doc/applicatieprofiel/bestuurlijk-sanctieregister/kandidaatstandaard/2022-06-23",
        "type": "ap",
        "dummy": "003"
    },
    {
        "urlref": "https://data.vlaanderen.be/ns/bestuurlijk-sanctieregister",
        "seealso": "/doc/vocabularium/bestuurlijk-sanctieregister/kandidaatstandaard/2022-06-23",
        "type": "voc",
        "dummy": "003"
    }
]
