[
    {
        "urlref": "/ns/cultureel-erfgoed",
        "seealso": "/doc/vocabularium/cultureel-erfgoed/erkendestandaard/2021-04-22",
        "type": "voc",
        "dummy": "002"
    },
    {
        "urlref": "/doc/applicatieprofiel/cultureel-erfgoed-object",
        "seealso": "/doc/applicatieprofiel/cultureel-erfgoed-object/erkendestandaard/2021-04-22",
        "type": "ap",
        "dummy": "002"
    },
    {
        "urlref": "/doc/applicatieprofiel/cultureel-erfgoed-event",
        "seealso": "/doc/applicatieprofiel/cultureel-erfgoed-event/erkendestandaard/2021-04-22",
        "type": "ap",
        "dummy": "002"
    },
    {
        "urlref": "/doc/vocabularium/cultureel-erfgoed/erkendestandaard/2021-04-22",
        "repository": "https://github.com/Informatievlaanderen/OSLOthema-cultureelErfgoed",
        "branchtag": "erkend-2021-04-22_01",
        "name": "cultureel-erfgoed",
        "filename": "config/cultureel-erfgoed-voc.json",
        "navigation": {
            "prev": "/doc/vocabularium/cultureel-erfgoed/kandidaatstandaard/2020-07-17"
        },
        "type":"voc",
        "dummy": "003"
    },
    {
        "urlref": "/doc/applicatieprofiel/cultureel-erfgoed-object/erkendestandaard/2021-04-22",
        "repository": "https://github.com/Informatievlaanderen/OSLOthema-cultureelErfgoed",
        "branchtag": "erkend-2021-04-22",
        "name": "cultureel-erfgoed-object-ap",
        "filename": "config/cultureel-erfgoed-ap.json",
        "navigation": {
            "prev": "/doc/applicatieprofiel/cultureel-erfgoed-object/kandidaatstandaard/2020-07-17"
        },
        "type":"ap",
        "dummy": "002"
    },
    {
        "urlref": "/doc/applicatieprofiel/cultureel-erfgoed-event/erkendestandaard/2021-04-22",
        "repository": "https://github.com/Informatievlaanderen/OSLOthema-cultureelErfgoed",
        "branchtag": "erkend-2021-04-22",
        "name": "cultureel-erfgoed-event-ap",
        "filename": "config/cultureel-erfgoed-ap.json",
        "navigation": {
            "prev": "/doc/applicatieprofiel/cultureel-erfgoed-event/kandidaatstandaard/2020-09-30"
        },
        "type":"ap",
        "dummy": "002"
    },
    {
        "urlref": "/doc/applicatieprofiel/cultureel-erfgoed-event/kandidaatstandaard/2020-09-30",
        "repository": "https://github.com/Informatievlaanderen/OSLOthema-cultureelErfgoed",
        "branchtag": "kandidaat-2020-09-30",
        "name": "cultureel-erfgoed-event-ap",
        "filename": "config/cultureel-erfgoed-ap.json",
        "navigation": {
            "prev": "/doc/applicatieprofiel/cultureel-erfgoed-event/kandidaatstandaard/2020-07-17",
            "next": "/doc/applicatieprofiel/cultureel-erfgoed-event/erkendestandaard/2021-04-22"
        },
        "type":"ap",
        "dummy": "002"
    },
    {
        "urlref": "/doc/vocabularium/cultureel-erfgoed/kandidaatstandaard/2020-07-17",
        "repository": "https://github.com/Informatievlaanderen/OSLOthema-cultureelErfgoed",
        "branchtag": "kandidaat-2020-07-17",
        "name": "cultureel-erfgoed-voc",
        "filename": "config/cultureel-erfgoed-voc.json",
        "navigation": {
            "prev": "/doc/vocabularium/cultureel-erfgoed/ontwerpstandaard/2020-07-02",
            "next": "/doc/vocabularium/cultureel-erfgoed/erkendestandaard/2021-04-22"
        },
        "type":"ap",
        "dummy": "002"
    },
    {
        "urlref": "/doc/applicatieprofiel/cultureel-erfgoed-object/kandidaatstandaard/2020-07-17",
        "repository": "https://github.com/Informatievlaanderen/OSLOthema-cultureelErfgoed",
        "branchtag": "kandidaat-2020-07-17",
        "name": "cultureel-erfgoed-object-ap",
        "filename": "config/cultureel-erfgoed-ap.json",
        "navigation": {
            "prev": "/doc/applicatieprofiel/cultureel-erfgoed-object/ontwerpstandaard/2020-07-02",
            "next": "/doc/applicatieprofiel/cultureel-erfgoed-object/erkendestandaard/2021-04-22"
        },
        "type":"ap",
        "dummy": "002"
    },
    {
        "urlref": "/doc/applicatieprofiel/cultureel-erfgoed-event/kandidaatstandaard/2020-07-17",
        "repository": "https://github.com/Informatievlaanderen/OSLOthema-cultureelErfgoed",
        "branchtag": "kandidaat-2020-07-17",
        "name": "cultureel-erfgoed-event-ap",
        "filename": "config/cultureel-erfgoed-ap.json",
        "navigation": {
            "prev": "/doc/applicatieprofiel/cultureel-erfgoed-event/ontwerpstandaard/2020-07-02",
            "next": "/doc/applicatieprofiel/cultureel-erfgoed-event/kandidaatstandaard/2020-09-30"
        },
        "type":"ap",
        "dummy": "002"
    },
    {
        "urlref": "/doc/vocabularium/cultureel-erfgoed/ontwerpstandaard/2020-07-02",
        "repository": "https://github.com/Informatievlaanderen/OSLOthema-cultureelErfgoed",
        "branchtag": "ontwerp-2020-07-02",
        "name": "cultureel-erfgoed-voc",
        "filename": "config/cultureel-erfgoed-voc.json",
        "navigation": {
            "next": "/doc/vocabularium/cultureel-erfgoed/kandidaatstandaard/2020-07-17"
        },
        "type":"voc",
        "dummy": "002"
    },
    {
        "urlref": "/doc/applicatieprofiel/cultureel-erfgoed-object/ontwerpstandaard/2020-07-02",
        "repository": "https://github.com/Informatievlaanderen/OSLOthema-cultureelErfgoed",
        "branchtag": "ontwerp-2020-07-02",
        "name": "cultureel-erfgoed-object-ap",
        "filename": "config/cultureel-erfgoed-ap.json",
        "navigation": {
            "prev": "/doc/applicatieprofiel/cultureel-erfgoed-object/ontwerpstandaard/2020-05-28",
            "next": "/doc/applicatieprofiel/cultureel-erfgoed-object/kandidaatstandaard/2020-07-17"
        },
        "type":"ap",
        "dummy": "002"

    },
    {
        "urlref": "/doc/applicatieprofiel/cultureel-erfgoed-event/ontwerpstandaard/2020-07-02",
        "repository": "https://github.com/Informatievlaanderen/OSLOthema-cultureelErfgoed",
        "branchtag": "ontwerp-2020-07-02",
        "name": "cultureel-erfgoed-event-ap",
        "filename": "config/cultureel-erfgoed-ap.json",
        "navigation": {
            "prev": "/doc/applicatieprofiel/cultureel-erfgoed-event/ontwerpstandaard/2020-05-28",
            "next": "/doc/applicatieprofiel/cultureel-erfgoed-event/kandidaatstandaard/2020-07-17"
        },
        "type":"ap",
        "dummy": "002"
    },
    {
        "urlref": "/doc/applicatieprofiel/cultureel-erfgoed-object/ontwerpstandaard/2020-05-28",
        "repository": "https://github.com/Informatievlaanderen/OSLOthema-cultureelErfgoed",
        "branchtag": "ontwerp-2020-05-28",
        "name": "cultureel-erfgoed-object-ap",
        "filename": "config/cultureel-erfgoed-ap.json",
        "navigation": {
            "prev": "/doc/applicatieprofiel/cultureel-erfgoed-object/ontwerpstandaard/2020-05-05",
            "next": "/doc/applicatieprofiel/cultureel-erfgoed-object/ontwerpstandaard/2020-07-02"
        },
        "type":"ap",
        "dummy": "002"
    },
    {
        "urlref": "/doc/applicatieprofiel/cultureel-erfgoed-event/ontwerpstandaard/2020-05-28",
        "repository": "https://github.com/Informatievlaanderen/OSLOthema-cultureelErfgoed",
        "branchtag": "ontwerp-2020-05-28",
        "name": "cultureel-erfgoed-event-ap",
        "filename": "config/cultureel-erfgoed-ap.json",
        "navigation": {
            "next": "/doc/applicatieprofiel/cultureel-erfgoed-event/ontwerpstandaard/2020-07-02"
        },
        "type":"ap",
        "dummy": "002"
    },
    {
        "urlref": "/doc/applicatieprofiel/cultureel-erfgoed-object/ontwerpstandaard/2020-05-05",
        "repository": "https://github.com/Informatievlaanderen/OSLOthema-cultureelErfgoed",
        "branchtag": "ontwerp-2020-05-05",
        "name": "cultureel-erfgoed-ap",
        "filename": "config/cultureel-erfgoed-ap.json",
        "navigation": {
            "next": "/doc/applicatieprofiel/cultureel-erfgoed-object/ontwerpstandaard/2020-05-28"
        },
        "type":"ap",
        "dummy": "002"
    }
]