[
 {
	"urlref": "/doc/applicatieprofiel/cultuurparticipatie/erkendestandaard/2023-10-01",
        "repository": "https://github.com/Informatievlaanderen/OSLOthema-DoelgerichtDigitaalTransformeren",
        "branchtag": "cultuurparticipatie_1.0.4",
        "name": "DoelgerichtDigitaalTransformeren-ap",
        "filename": "config/DoelgerichtDigitaalTransformeren-ap.json",
        "navigation": {
	"prev" : "/doc/applicatieprofiel/cultuurparticipatie/erkendestandaard/2023-09-01"
        },
        "disabled": false,
        "dummy": "001"	
	},
	{
	"urlref": "/doc/applicatieprofiel/cultuurparticipatie/erkendestandaard/2023-09-01",
        "repository": "https://github.com/Informatievlaanderen/OSLOthema-DoelgerichtDigitaalTransformeren",
        "branchtag": "cultuurparticipatie_1.0.3",
        "name": "DoelgerichtDigitaalTransformeren-ap",
        "filename": "config/DoelgerichtDigitaalTransformeren-ap.json",
        "navigation": {
	"prev" : "/doc/applicatieprofiel/cultuurparticipatie/ontwerpstandaard/2023-05-10"
        },
        "disabled": false,
        "dummy": "001"	
	},
 {
        "urlref": "/doc/applicatieprofiel/cultuurparticipatie/ontwerpstandaard/2023-05-10",
        "repository": "https://github.com/Informatievlaanderen/OSLOthema-DoelgerichtDigitaalTransformeren",
        "branchtag": "cultuurparticipatie_1.0.2",
        "name": "DoelgerichtDigitaalTransformeren-ap",
        "filename": "config/DoelgerichtDigitaalTransformeren-ap.json",
        "navigation": {},
        "disabled": false,
        "dummy": "002"
    },
	{
        "urlref": "/doc/vocabularium/cultuurparticipatie/erkendestandaard/2023-10-01",
        "repository": "https://github.com/Informatievlaanderen/OSLOthema-DoelgerichtDigitaalTransformeren",
        "branchtag": "cultuurparticipatie_1.0.4",
        "name": "cultuurparticipatie",
        "filename": "config/DoelgerichtDigitaalTransformeren-voc.json",
        "navigation": {
	"prev" : "/doc/vocabularium/cultuurparticipatie/erkendestandaard/2023-09-01"
        },
        "disabled": false,
        "dummy": "001"
    },
 {
        "urlref": "/doc/vocabularium/cultuurparticipatie/erkendestandaard/2023-09-01",
        "repository": "https://github.com/Informatievlaanderen/OSLOthema-DoelgerichtDigitaalTransformeren",
        "branchtag": "cultuurparticipatie_1.0.3",
        "name": "cultuurparticipatie",
        "filename": "config/DoelgerichtDigitaalTransformeren-voc.json",
        "navigation": {
	"prev" : "/doc/vocabularium/cultuurparticipatie/ontwerpstandaard/2023-05-10"
        },
        "disabled": false,
        "dummy": "001"
    },
    {
        "urlref": "/doc/vocabularium/cultuurparticipatie/ontwerpstandaard/2023-05-10",
        "repository": "https://github.com/Informatievlaanderen/OSLOthema-DoelgerichtDigitaalTransformeren",
        "branchtag": "cultuurparticipatie_1.0.2",
        "name": "cultuurparticipatie",
        "filename": "config/DoelgerichtDigitaalTransformeren-voc.json",
        "navigation": {},
        "disabled": false,
        "dummy": "002"
    },
    {
        "urlref": "/doc/applicatieprofiel/cultuurparticipatie",
        "seealso": "/doc/applicatieprofiel/cultuurparticipatie/erkendestandaard/2023-10-01",
        "type": "ap",
        "dummy": "003"
    },
    {
        "urlref": "/ns/cultuurparticipatie",
        "seealso": "/doc/vocabularium/cultuurparticipatie/erkendestandaard/2023-10-01",
        "type": "voc",
        "dummy": "003"
    }
]
