[
  {
    "urlref": "/doc/applicatieprofiel/dossier/kandidaatstandaard/2023-04-01",
    "repository": "https://github.com/Informatievlaanderen/OSLOthema-dossier",
    "branchtag": "master",
    "name": "dossier-ap",
    "filename": "config/dossier-ap.json",
    "navigation": {},
    "dummy": "geert05"
  },
  {
    "urlref": "/doc/vocabularium/dossier/kandidaatstandaard/2023-04-01",
    "repository": "https://github.com/Informatievlaanderen/OSLOthema-dossier",
    "branchtag": "master",
    "name": "dossier",
    "filename": "config/dossier-voc.json",
    "navigation": {},
    "dummy": "geert05"
  },
  {
    "urlref": "/doc/applicatieprofiel/dossier/erkendestandaard/2023-09-25",
    "repository": "https://github.com/Informatievlaanderen/OSLOthema-dossier",
    "branchtag": "master",
    "name": "dossier-ap",
    "filename": "config/dossier-ap.json",
    "navigation": {
      "prev": "/doc/applicatieprofiel/dossier/kandidaatstandaard/2023-04-01"
    },
    "dummy": "001"
  },
  {
    "urlref": "/doc/applicatieprofiel/dossier",
    "seealso": "/doc/applicatieprofiel/dossier/erkendestandaard/2023-09-25",
    "type": "ap",
    "dummy": "001"
  },
  {
    "urlref": "/doc/vocabularium/dossier/erkendestandaard/2023-09-25",
    "repository": "https://github.com/Informatievlaanderen/OSLOthema-dossier",
    "branchtag": "master",
    "name": "dossier",
    "filename": "config/dossier-voc.json",
    "navigation": {
      "prev": "/doc/vocabularium/dossier/kandidaatstandaard/2023-04-01"
    },
    "dummy": "001"
  },
  {
    "urlref": "/ns/dossier",
    "seealso": "/doc/vocabularium/dossier/erkendestandaard/2023-09-25",
    "type": "voc",
    "dummy": "001"
  }
]