  [
    {
    "urlref": "/doc/applicatieprofiel/FeitelijkeVerenigingen/ontwerpstandaard/2021-06-22",
    "repository": "https://github.com/Informatievlaanderen/OSLOthema-feitelijkeVerenigingen",
    "branchtag": "ontwerp-2021-06-22",
    "name": "Feitelijke-Verenigingen-ap",
    "filename": "config/Feitelijke-Verenigingen-ap.json",
    "dummy": "001",
    "navigation": {
      "next": "/doc/applicatieprofiel/FeitelijkeVerenigingen/kandidaatstandaard/2021-06-22"
    }
  },
  {
    "urlref": "/doc/applicatieprofiel/FeitelijkeVerenigingen/kandidaatstandaard/2021-06-22",
    "repository": "https://github.com/Informatievlaanderen/OSLOthema-feitelijkeVerenigingen",
    "branchtag": "kandidaat-2021-06-22-5",
    "name": "Feitelijke-Verenigingen-ap",
    "filename": "config/Feitelijke-Verenigingen-ap.json",
    "dummy": "001",
    "navigation": {
      "prev": "/doc/applicatieprofiel/FeitelijkeVerenigingen/ontwerpstandaard/2021-06-22"
    }
  },
  {
    "urlref": "/doc/applicatieprofiel/FeitelijkeVerenigingen/",
    "seealso": "/doc/applicatieprofiel/FeitelijkeVerenigingen/kandidaatstandaard/2021-06-22",
    "type": "ap",
    "dummy": "001"
  },
  {
    "urlref": "/doc/vocabularium/FeitelijkeVerenigingen/ontwerpstandaard/2021-06-22",
    "repository": "https://github.com/Informatievlaanderen/OSLOthema-feitelijkeVerenigingen",
    "branchtag": "ontwerp-2021-06-22",
    "name": "Feitelijke-Verenigingen-voc",
    "filename": "config/Feitelijke-Verenigingen-voc.json",
    "dummy": "001",
    "navigation": {
      "next": "/doc/vocabularium/FeitelijkeVerenigingen/kandidaatstandaard/2021-06-22"
    }
  },
  {
    "urlref": "/doc/vocabularium/FeitelijkeVerenigingen/kandidaatstandaard/2021-06-22",
    "repository": "https://github.com/Informatievlaanderen/OSLOthema-feitelijkeVerenigingen",
    "branchtag": "kandidaat-2021-06-22-6",
    "name": "FeitelijkeVerenigingen",
    "filename": "config/Feitelijke-Verenigingen-voc.json",
    "dummy": "001",
    "navigation": {
      "prev": "/doc/vocabularium/FeitelijkeVerenigingen/ontwerpstandaard/2021-06-22"
    }
  },
  {
    "urlref": "/ns/FeitelijkeVerenigingen/",
    "seealso": "/doc/vocabularium/FeitelijkeVerenigingen/kandidaatstandaard/2021-06-22",
    "type": "voc",
    "dummy": "001"
  }
]