[
   {
      "urlref":"/doc/applicatieprofiel/fietsinfrastructuur/ontwerpstandaard/2021-12-17",
      "repository":"https://github.com/Informatievlaanderen/OSLOthema-fietsinfrastructuur",
      "branchtag":"master",
      "name":"fietsinfrastructuur-ap",
      "filename":"config/fietsinfrastructuur-ap.json",
      "navigation":{},
      "dummy":"29"
   },
    {
        "urlref": "/doc/applicatieprofiel/fietsinfrastructuur",
        "seealso": "/doc/applicatieprofiel/fietsinfrastructuur/ontwerpstandaard/2021-12-17",
        "type": "ap",
        "dummy": "01"
    },
    {
      "urlref":"/doc/vocabularium/fietsinfrastructuur/ontwerpstandaard/2021-12-17",
      "repository":"https://github.com/Informatievlaanderen/OSLOthema-fietsinfrastructuur",
      "branchtag":"master",
      "name":"fietsinfrastructuur-voc",
      "filename":"config/fietsinfrastructuur-voc.json",
      "navigation":{},
      "dummy":"29"
   },
    {
        "urlref": "/ns/fiets",
        "seealso": "/doc/vocabularium/fietsinfrastructuur/ontwerpstandaard/2021-12-17",
        "type": "voc",
        "dummy": "29"
    }
]
