[
  {
    "urlref": "/doc/vocabularium/financiele-rapportering/ontwerpstandaard/2020-01-31",
    "repository": "https://github.com/Informatievlaanderen/OSLOthema-FinancieleData",
    "branchtag": "master",
    "name": "financiele-data",
    "filename": "config/financieledata-voc.json",
    "navigation": {
      "next": "/doc/vocabularium/financiele-rapportering/kandidaatstandaard/2022-06-23"
    },
    "dummy": "002"
  },
  {
    "urlref": "/doc/vocabularium/financiele-rapportering/kandidaatstandaard/2022-06-23",
    "repository": "https://github.com/Informatievlaanderen/OSLOthema-FinancieleData",
    "branchtag": "master",
    "name": "financiele-data",
    "filename": "config/financieledata-voc.json",
    "navigation": {
      "prev": "/doc/vocabularium/financiele-rapportering/ontwerpstandaard/2020-01-31"
    },
    "dummy": "002"
  },
  {
    "urlref": "/ns/financiele-rapportering",
    "seealso": "/doc/vocabularium/financiele-rapportering/kandidaatstandaard/2022-06-23",
    "dummy": "002",
    "type": "voc"
  },
  {
    "urlref": "/doc/applicatieprofiel/financiele-rapportering/ontwerpstandaard/2020-01-31",
    "repository": "https://github.com/Informatievlaanderen/OSLOthema-FinancieleData",
    "branchtag": "master",
    "name": "financieledata-ap",
    "filename": "config/financieledata-ap.json",
    "navigation": {
      "next": "/doc/applicatieprofiel/financiele-rapportering/kandidaatstandaard/2022-06-23"
    },
    "dummy": "002",
    "type": "ap"
  },
  {
    "urlref": "/doc/applicatieprofiel/financiele-rapportering/kandidaatstandaard/2022-06-23",
    "repository": "https://github.com/Informatievlaanderen/OSLOthema-FinancieleData",
    "branchtag": "master",
    "name": "financieledata-ap",
    "filename": "config/financieledata-ap.json",
    "navigation": {
      "prev": "/doc/applicatieprofiel/financiele-rapportering/ontwerpstandaard/2020-01-31"
    },
    "dummy": "002",
    "type": "ap"
  },
  {
    "urlref": "/doc/applicatieprofiel/financiele-rapportering",
    "seealso": "/doc/applicatieprofiel/financiele-rapportering/kandidaatstandaard/2022-06-23",
    "type": "ap",
    "dummy": "002"
  },
  {
    "urlref": "/doc/vocabularium/financiele-rapportering/taxonomie-dcjm/ontwerpstandaard/2022-05-01",
    "repository": "https://github.com/Informatievlaanderen/OSLOthema-FinancieleData",
    "branchtag": "master",
    "name": "taxonomie-dcjm-voc",
    "filename": "config/financieledata-dcjm-voc.json",
    "navigation": {
      "next": "/doc/vocabularium/financiele-rapportering/taxonomie-dcjm/kandidaatstandaard/2022-06-23"
    },
    "dummy": "002",
    "type": "voc"
  },
  {
    "urlref": "/doc/vocabularium/financiele-rapportering/taxonomie-dcjm/kandidaatstandaard/2022-06-23",
    "repository": "https://github.com/Informatievlaanderen/OSLOthema-FinancieleData",
    "branchtag": "master",
    "name": "taxonomie-dcjm-voc",
    "filename": "config/financieledata-dcjm-voc.json",
    "navigation": {
      "prev": "/doc/vocabularium/financiele-rapportering/taxonomie-dcjm/ontwerpstandaard/2022-05-01"
    },
    "dummy": "002",
    "type": "voc"
  },
  {
    "urlref": "/ns/financiele-rapportering/taxonomie-dcjm",
    "seealso": "/doc/vocabularium/financiele-rapportering/taxonomie-dcjm/kandidaatstandaard/2022-06-23",
    "type": "voc",
    "dummy": "002"
  }
]
