[
  {
    "urlref": "/doc/applicatieprofiel/incentiveringsplatform/ontwerpstandaard/2023-03-14",
    "repository": "https://github.com/Informatievlaanderen/OSLOthema-incentiveringsplatform",
    "branchtag": "main",
    "directory": "/doc/applicatieprofiel/incentiveringsplatform/ontwerpstandaard/2023-03-14",
    "name": "Incentiveringsplatform-ap",
    "filename": "config/incentiveringsplatform.json",
    "navigation": {
      "prev": ""
    },
    "dummy": "040"
  },
  {
    "urlref": "/doc/applicatieprofiel/incentiveringsplatform",
    "seealso": "/doc/applicatieprofiel/incentiveringsplatform/ontwerpstandaard/2023-03-14",
    "type": "ap",
    "dummy": "040"
  },
   {
    "urlref": "/doc/vocabularium/incentiveringsplatform/ontwerpstandaard/2023-03-14",
    "repository": "https://github.com/Informatievlaanderen/OSLOthema-incentiveringsplatform",
    "branchtag": "main",
    "name": "Incentiveringsplatform-voc",
    "filename": "config/incentiveringsplatform-voc.json",
    "navigation": {
      "prev": ""
    },
    "dummy": "035"
  },
  {
    "urlref": "/ns/incentiveringsplatform",
    "seealso": "/doc/vocabularium/incentiveringsplatform/ontwerpstandaard/2023-03-14",
    "type": "voc",
    "dummy": "036"
  }
]
