[
    {
        "urlref": "/doc/applicatieprofiel/kabels-en-leidingen/kandidaatstandaard/2023-12-19",
        "repository": "https://github.com/Informatievlaanderen/OSLOthema-imkl",
        "branchtag": "main",
        "name": "kabels-en-leidingen-ap",
        "filename": "config/kabels-en-leidingen-ap.json",
        "navigation": {},
        "dummy": "042"
    },
    {
        "urlref": "/doc/applicatieprofiel/kabels-en-leidingen",
        "seealso": "/doc/applicatieprofiel/kabels-en-leidingen/kandidaatstandaard/2023-12-19",
        "type": "ap",
        "dummy": "042"
    },
    {
        "urlref": "/doc/vocabularium/nutsvoorzieningen/kandidaatstandaard/2023-12-19",
        "repository": "https://github.com/Informatievlaanderen/OSLOthema-imkl",
        "branchtag": "main",
        "name": "nutsvoorzieningen",
        "filename": "config/nutsvoorzieningen-voc.json",
        "navigation": {},
        "dummy": "042"
    },
    {
        "urlref": "/ns/nutsvoorzieningen",
        "seealso": "/doc/vocabularium/nutsvoorzieningen/kandidaatstandaard/2023-12-19",
        "type": "voc",
        "dummy": "042"
    }
  ]
