[
  {
    "urlref": "/doc/applicatieprofiel/kind-fiche/ontwerpstandaard/2024-03-19",
    "repository": "https://github.com/Informatievlaanderen/OSLOthema-kindFiche",
    "branchtag": "main",
    "name": "kind-fiche-ap",
    "filename": "config/kind-fiche-ap.json",
    "navigation": {},
    "disabled": false,
    "dummy": "002"
  },
  {
    "urlref": "/doc/applicatieprofiel/kind-fiche",
    "seealso": "/doc/applicatieprofiel/kind-fiche/ontwerpstandaard/2024-03-19",
    "type": "ap",
    "disabled": false,
    "dummy": "002"
  }
]
