[
  {
    "urlref": "/doc/applicatieprofiel/kwaliteit-wegen-en-wegmarkeringen/ontwerpstandaard/2023-05-05",
    "repository": "https://github.com/Informatievlaanderen/OSLOthema-wegenEnWegmarkeringen",
    "branchtag": "main",
    "name": "kwaliteitWegenEnWegmarkeringen-ap",
    "filename": "config/kwaliteitWegenEnWegmarkeringen-ap.json",
     "disabled": true,
    "dummy": "017"
  },
  {
    "urlref": "/doc/applicatieprofiel/kwaliteit-wegen-en-wegmarkeringen",
    "seealso": "/doc/applicatieprofiel/kwaliteit-wegen-en-wegmarkeringen/ontwerpstandaard/2023-05-05",
    "type": "ap",
    "disabled": true,
    "dummy": "017"
  }, 
 {
    "urlref": "/doc/vocabularium/kwaliteit-wegen-en-wegmarkeringen/ontwerpstandaard/2023-05-05",
    "repository": "https://github.com/Informatievlaanderen/OSLOthema-wegenEnWegmarkeringen",
    "branchtag": "main",
    "name": "KwaliteitOpenbaarDomein",
    "filename": "config/kwaliteitWegenEnWegmarkeringen-voc.json",
   "disabled": true,
    "dummy": "017"
  },
  {
    "urlref": "/ns/kwaliteit-wegen-en-wegmarkeringen",
    "seealso": "/doc/vocabularium/kwaliteit-wegen-en-wegmarkeringen/ontwerpstandaard/2023-05-05",
    "type": "voc",
    "disabled": true,
    "dummy": "017"
  }
]
