[
  {
    "urlref": "/doc/applicatieprofiel/leercredential/kandidaatstandaard/2023-12-21",
    "repository": "https://github.com/Informatievlaanderen/OSLOthema-Leercredential",
    "branchtag": "main",
    "filename": "config/OSLO-Leercredential-AP.json",
    "name": "leercredential-ap",
    "type": "ap",
    "dummy": "smo-1",
    "navigation": {
      "prev": "/doc/applicatieprofiel/leercredential/ontwerpstandaard/2023-01-11"
    }
  },
  {
    "urlref": "/doc/vocabularium/leercredential/kandidaatstandaard/2023-12-21",
    "repository": "https://github.com/Informatievlaanderen/OSLOthema-Leercredential",
    "branchtag": "main",
    "filename": "config/OSLO-Leercredential-VOC.json",
    "name": "leercredential",
    "type": "voc",
    "dummy": "smo-1",
    "navigation": {
      "prev": "/doc/vocabularium/leercredential/ontwerpstandaard/2023-01-11"
    }
  },

  {
    "urlref": "/doc/applicatieprofiel/leercredential",
    "seealso": "/doc/applicatieprofiel/leercredential/ontwerpstandaard/2023-01-11",
    "type": "ap",
    "dummy": "dimi-4"
  },
  {
    "urlref": "/doc/applicatieprofiel/leercredential/ontwerpstandaard/2023-01-11",
    "repository": "https://github.com/Informatievlaanderen/OSLOthema-diploma",
    "branchtag": "ontwerp-2023-01-11",
    "filename": "config/OSLO-Diploma-AP.json",
    "name": "leercredential-ap",
    "type": "ap",
    "dummy": "dimi-4",
    "navigation": {
      "prev": "/doc/applicatieprofiel/leercredential/ontwerpstandaard/2022-07-26"
    }
  },
  {
    "urlref": "/doc/applicatieprofiel/leercredential/ontwerpstandaard/2022-07-26",
    "repository": "https://github.com/Informatievlaanderen/OSLOthema-diploma",
    "branchtag": "ontwerp-2022-07-26",
    "filename": "config/OSLO-Diploma-AP.json",
    "name": "leercredential-ap",
    "type": "ap",
    "dummy": "dimi-4",
    "navigation": {
      "next": "/doc/applicatieprofiel/leercredential/ontwerpstandaard/2023-01-11"
    }
  },
  {
    "urlref": "/ns/leercredential/",
    "seealso": "/doc/vocabularium/leercredential/kandidaatstandaard/2023-12-21",
    "type": "voc",
    "dummy": "smo-1"
  },
  {
    "urlref": "/doc/vocabularium/leercredential/ontwerpstandaard/2023-01-11",
    "repository": "https://github.com/Informatievlaanderen/OSLOthema-diploma",
    "branchtag": "ontwerp-2023-01-11",
    "filename": "config/OSLO-Diploma-VOC.json",
    "name": "leercredential",
    "type": "voc",
    "dummy": "dimi-4"
  }
]
