[
    {
        "urlref": "/doc/applicatieprofiel/lokale-economie/ontwerpstandaard/2024-01-17",
        "repository": "https://github.com/Informatievlaanderen/OSLOthema-lokaleEconomie",
        "branchtag": "main",
        "name": "lokale-economie-ap",
        "filename": "config/lokale-economie-ap.json",
        "navigation": {},
        "dummy": "006"
    },
    {
        "urlref": "/doc/applicatieprofiel/lokale-economie",
        "seealso": "/doc/applicatieprofiel/lokale-economie/ontwerpstandaard/2024-01-17",
        "type": "ap",
        "dummy": "006"
    },
    {
        "urlref": "/doc/vocabularium/lokale-economie/ontwerpstandaard/2024-01-17",
        "repository": "https://github.com/Informatievlaanderen/OSLOthema-lokaleEconomie",
        "branchtag": "main",
        "name": "lokale-economie-voc",
        "filename": "config/lokale-economie-voc.json",
        "navigation": {},
        "dummy": "007"
    },
    {
        "urlref": "/ns/lokale-economie",
        "seealso": "/doc/vocabularium/lokale-economie/ontwerpstandaard/2024-01-17",
        "type": "voc",
        "dummy": "007"
    }
]
