[
    {
        "urlref": "/doc/applicatieprofiel/loongegevens/kandidaatstandaard/2022-03-17",
        "repository": "https://github.com/Informatievlaanderen/OSLOthema-loongegevens",
        "branchtag": "kandidaat-2022-03-17_04",
        "name": "loongegevens-ap",
        "filename": "config/loongegevens-ap.json",
        "navigation": {
        },
        "dummy": "001"
    },
    {
        "urlref": "/doc/vocabularium/loongegevens/kandidaatstandaard/2022-03-17",
        "repository": "https://github.com/Informatievlaanderen/OSLOthema-loongegevens",
        "branchtag": "kandidaat-2022-03-17_04",
        "name": "loongegevens-voc",
        "filename": "config/loongegevens-voc.json",
        "navigation": {
        },
        "dummy": "001"
    },
    {
        "urlref": "/doc/applicatieprofiel/loongegevens",
        "seealso": "/doc/applicatieprofiel/loongegevens/kandidaatstandaard/2022-03-17",
        "type": "ap",
        "dummy": "001"
    },
    {
        "urlref": "/ns/loongegevens",
        "seealso": "/doc/vocabularium/loongegevens/kandidaatstandaard/2022-03-17",
        "type": "voc",
        "dummy": "001"
    }
]
