[
  {
    "urlref": "/doc/applicatieprofiel/metadata-voor-services/ontwerpstandaard/2020-10-07",
    "repository": "https://github.com/Informatievlaanderen/OSLO-Generated",
    "branchtag": "production",
    "name": "metadata-voor-services-ap",
    "filename": "config/metadata-voor-services.json",
    "navigation": {
      "next": "/doc/applicatieprofiel/metadata-dcat/kandidaatstandaard/2020-12-14"
    },
    "type": "raw",
    "directory": "/doc/applicatieprofiel/metadata-voor-services/ontwerpstandaard/2020-10-07"
  },
  {
    "urlref": "/doc/applicatieprofiel/metadata-dcat/kandidaatstandaard/2020-12-14",
    "repository": "https://github.com/Informatievlaanderen/OSLO-Generated",
    "branchtag": "production",
    "name": "metadata-voor-services-ap",
    "filename": "config/metadata-voor-services.json",
    "navigation": {
      "prev": "/doc/applicatieprofiel/metadata-voor-services/ontwerpstandaard/2020-10-07",
      "next": "/doc/applicatieprofiel/metadata-dcat/kandidaatstandaard/2021-03-23"
    },
    "type": "raw",
    "directory": "/doc/applicatieprofiel/metadata-dcat/kandidaatstandaard/2020-12-14"
  },
  {
    "urlref": "/doc/applicatieprofiel/metadata-dcat/kandidaatstandaard/2021-03-23",
    "repository": "https://github.com/Informatievlaanderen/OSLO-Generated",
    "branchtag": "production",
    "name": "metadata-voor-services-ap",
    "filename": "config/metadata-voor-services.json",
    "navigation": {
      "prev": "/doc/applicatieprofiel/metadata-dcat/kandidaatstandaard/2020-12-14",
      "next": "/doc/applicatieprofiel/metadata-dcat/erkendestandaard/2021-04-22"
    },
    "type": "raw",
    "directory": "/doc/applicatieprofiel/metadata-dcat/kandidaatstandaard/2021-03-23"
  },
  {
    "urlref": "/doc/applicatieprofiel/metadata-dcat/erkendestandaard/2021-04-22",
    "repository": "https://github.com/Informatievlaanderen/OSLO-Generated",
    "branchtag": "production",
    "name": "metadata-voor-services-ap",
    "filename": "config/metadata-voor-services.json",
    "navigation": {
      "prev": "/doc/applicatieprofiel/metadata-dcat/kandidaatstandaard/2021-03-23",
      "next": "/doc/applicatieprofiel/metadata-dcat/kandidaatstandaard/2022-02-03"
    },
    "type": "raw",
    "directory": "/doc/applicatieprofiel/metadata-dcat/erkendestandaard/2021-04-22"
  },
  {
    "urlref": "/doc/applicatieprofiel/metadata-dcat/kandidaatstandaard/2022-02-03",
    "repository": "https://github.com/Informatievlaanderen/OSLO-Generated",
    "branchtag": "production",
    "name": "metadata-voor-services-ap",
    "filename": "config/metadata-voor-services.json",
    "navigation": {
      "prev": "/doc/applicatieprofiel/metadata-dcat/erkendestandaard/2021-04-22"
    },
    "type": "raw",
    "directory": "/doc/applicatieprofiel/metadata-dcat/kandidaatstandaard/2022-02-03"
  },
  {
    "urlref": "/doc/applicatieprofiel/metadata-dcat/kandidaatstandaard/2022-02-03",
    "repository": "https://github.com/Informatievlaanderen/OSLOthema-metadataVoorServices",
    "branchtag": "25a59ea92863a3f88b1af0dd159a10090e31f5ab",
    "name": "metadata-voor-services-ap",
    "filename": "config/metadata-voor-services.json",
    "navigation": {
      "prev": "/doc/applicatieprofiel/metadata-dcat/erkendestandaard/2021-04-22",
      "next": "/doc/applicatieprofiel/metadata-dcat/erkendestandaard/2022-04-21"
    }
  },
  {
    "urlref": "/doc/applicatieprofiel/metadata-dcat/erkendestandaard/2022-04-21",
    "repository": "https://github.com/Informatievlaanderen/OSLOthema-metadataVoorServices",
    "branchtag": "dfed4fab87b14b4dd6bff9dd7eb35edb2d212e70",
    "name": "metadata-voor-services-ap",
    "filename": "config/metadata-voor-services.json",
    "navigation": {
      "prev": "/doc/applicatieprofiel/metadata-dcat/kandidaatstandaard/2022-02-03"
    },
    "examples": true
  },
  {
    "urlref": "/doc/applicatieprofiel/metadata-dcat/",
    "seealso": "/doc/applicatieprofiel/metadata-dcat/erkendestandaard/2022-04-21",
    "type": "ap",
    "dummy": 1
  },


  {
    "urlref": "/doc/vocabularium/metadata-dcat/erkendestandaard/2022-04-21",
    "repository": "https://github.com/Informatievlaanderen/OSLOthema-metadataVoorServices",
    "branchtag": "erkend-voc-apr2022",
    "name": "metadata-dcat",
    "filename": "config/metadata-dcat-voc.json",
    "navigation": {
      "prev": "/doc/vocabularium/metadata-dcat/kandidaatstandaard/2022-02-03"
    },
    "dummy" : 1
  },
  {
    "urlref": "/doc/vocabularium/metadata-dcat/kandidaatstandaard/2022-02-03",
    "repository": "https://github.com/Informatievlaanderen/OSLOthema-metadataVoorServices",
    "branchtag": "d523f225f2d5af0df2b6f595fc59d5582cf53116",
    "name": "metadata-dcat",
    "filename": "config/metadata-dcat-voc.json",
    "navigation": {
      "prev": "/doc/vocabularium/metadata-dcat/erkendestandaard/2021-12-02",
      "next": "/doc/vocabularium/metadata-dcat/erkendestandaard/2022-04-21"
    }
  },

  {
    "urlref": "/doc/vocabularium/metadata-dcat/erkendestandaard/2021-12-02",
    "repository": "https://github.com/Informatievlaanderen/OSLO-Generated",
    "branchtag": "production",
    "name": "metadata-dcat",
    "filename": "config/metadata-dcat-voc.json",
    "navigation": {
      "prev": "/doc/vocabularium/metadata-dcat/kandidaatstandaard/2021-10-16",
      "next": "/doc/vocabularium/metadata-dcat/kandidaatstandaard/2022-02-03"
    },
    "type": "raw",
    "directory": "/doc/vocabularium/metadata-dcat/erkendestandaard/2021-12-02"
  },
  {
    "urlref": "/doc/vocabularium/metadata-dcat/kandidaatstandaard/2021-10-16",
    "repository": "https://github.com/Informatievlaanderen/OSLO-Generated",
    "branchtag": "production",
    "name": "metadata-dcat",
    "filename": "config/metadata-dcat-voc.json",
    "navigation": {
      "prev": "/doc/vocabularium/metadata-dcat/ontwerpstandaard/2021-06-30",
      "next": "/doc/vocabularium/metadata-dcat/erkendestandaard/2021-12-02"
    },
    "type": "raw",
    "directory": "/doc/vocabularium/metadata-dcat/kandidaatstandaard/2021-10-16"
  },
  {
    "urlref": "/doc/vocabularium/metadata-dcat/ontwerpstandaard/2021-06-30",
    "repository": "https://github.com/Informatievlaanderen/OSLO-Generated",
    "branchtag": "production",
    "name": "metadata-dcat",
    "filename": "config/metadata-dcat-voc.json",
    "navigation": {
      "next": "/doc/vocabularium/metadata-dcat/kandidaatstandaard/2021-10-16",
      "prev": "/doc/vocabularium/metadata-dcat/erkendestandaard/2021-04-22"
    },
    "type": "raw",
    "directory": "/doc/vocabularium/metadata-dcat/ontwerpstandaard/2021-06-30"
  },
  {
    "urlref": "/doc/vocabularium/metadata-dcat/erkendestandaard/2021-04-22",
    "repository": "https://github.com/Informatievlaanderen/OSLO-Generated",
    "branchtag": "production",
    "name": "metadata-dcat",
    "filename": "config/metadata-dcat-voc.json",
    "navigation": {
      "prev": "/doc/vocabularium/metadata-dcat/kandidaatstandaard/2021-03-23",
      "next": "/doc/vocabularium/metadata-dcat/ontwerpdocument/2021-06-30"
    },
    "type": "raw",
    "directory": "/doc/vocabularium/metadata-dcat/erkendestandaard/2021-04-22"
  },
  {
    "urlref": "/doc/vocabularium/metadata-dcat/kandidaatstandaard/2021-03-23",
    "repository": "https://github.com/Informatievlaanderen/OSLO-Generated",
    "branchtag": "production",
    "name": "metadata-dcat",
    "filename": "config/metadata-dcat-voc.json",
    "navigation": {
      "prev": "/doc/vocabularium/metadata-dcat/kandidaatstandaard/2020-12-14",
      "next": "/doc/vocabularium/metadata-dcat/erkendestandaard/2021-04-22"
    },
    "type": "raw",
    "directory": "/doc/vocabularium/metadata-dcat/kandidaatstandaard/2021-03-23"
  },
  {
    "urlref": "/doc/vocabularium/metadata-dcat/kandidaatstandaard/2020-12-14",
    "repository": "https://github.com/Informatievlaanderen/OSLO-Generated",
    "branchtag": "production",
    "name": "metadata-dcat",
    "filename": "config/metadata-dcat-voc.json",
    "navigation": {
      "next": "/doc/vocabularium/metadata-dcat/kandidaatstandaard/2021-03-23"
    },
    "type": "raw",
    "directory": "/doc/vocabularium/metadata-dcat/kandidaatstandaard/2020-12-14"
  },
  {
    "urlref": "/ns/metadata-dcat/",
    "seealso": "/doc/vocabularium/metadata-dcat/erkendestandaard/2022-04-21",
    "type": "voc",
    "dummy" : 1
  },


  {
    "urlref": "/doc/applicatieprofiel/DCAT-AP-VL/ontwerpdocument/2018-12-21",
    "repository": "https://github.com/Informatievlaanderen/OSLO-Generated",
    "branchtag": "production",
    "name": "DCAT-AP-VL",
    "filename": "config/DCAT-AP-VL.json",
    "navigation": {
      "next": "/doc/applicatieprofiel/DCAT-AP-VL/kandidaatstandaard/2019-01-20"
    },
    "type": "raw",
    "directory": "/doc/applicatieprofiel/DCAT-AP-VL/ontwerpdocument/2018-12-21"
  },
  {
    "urlref": "/doc/applicatieprofiel/DCAT-AP-VL/kandidaatstandaard/2019-01-20",
    "repository": "https://github.com/Informatievlaanderen/OSLO-Generated",
    "branchtag": "production",
    "name": "DCAT-AP-VL",
    "filename": "config/DCAT-AP-VL.json",
    "navigation": {
      "prev": "/doc/applicatieprofiel/DCAT-AP-VL/ontwerpdocument/2018-12-21",
      "next": "/doc/applicatieprofiel/DCAT-AP-VL/erkendestandaard/2019-10-03"
    },
    "type": "raw",
    "directory": "/doc/applicatieprofiel/DCAT-AP-VL/kandidaatstandaard/2019-01-20"
  },
  {
	  "dummy" : 1,
    "urlref": "/doc/applicatieprofiel/DCAT-AP-VL/erkendestandaard/2019-06-13",
    "repository": "https://github.com/Informatievlaanderen/OSLO-Generated",
    "branchtag": "production",
    "name": "DCAT-AP-VL",
    "filename": "config/DCAT-AP-VL.json",
    "navigation": {
      "prev": "/doc/applicatieprofiel/DCAT-AP-VL/kandidaatstandaard/2019-01-20",
      "next": "/doc/applicatieprofiel/DCAT-AP-VL/erkendestandaard/2019-10-03"
    },
    "type": "raw",
    "directory": "/doc/applicatieprofiel/DCAT-AP-VL/erkendestandaard/2019-06-13"
  },
  {
    "urlref": "/doc/applicatieprofiel/DCAT-AP-VL/erkendestandaard/2019-10-03",
    "repository": "https://github.com/Informatievlaanderen/OSLO-Generated",
    "branchtag": "production",
    "name": "DCAT-AP-VL",
    "filename": "config/DCAT-AP-VL.json",
    "navigation": {
      "prev": "/doc/applicatieprofiel/DCAT-AP-VL/kandidaatstandaard/2019-01-20",
      "next": "/doc/applicatieprofiel/DCAT-AP-VL/erkendestandaard/2021-12-02"
    },
    "type": "raw",
    "directory": "/doc/applicatieprofiel/DCAT-AP-VL/erkendestandaard/2019-10-03"
  },
  {
    "urlref": "/doc/applicatieprofiel/DCAT-AP-VL/ontwerpstandaard/2021-06-27",
    "repository": "https://github.com/Informatievlaanderen/OSLO-Generated",
    "branchtag": "production",
    "name": "DCAT-AP-VL-20",
    "filename": "config/DCAT-AP-VL-20.json",
    "navigation": {
      "prev": "/doc/applicatieprofiel/DCAT-AP-VL/erkendestandaard/2019-10-03"
    },
    "type": "raw",
    "directory": "/doc/applicatieprofiel/DCAT-AP-VL/ontwerpstandaard/2021-06-27"
  },
  {
    "urlref": "/doc/applicatieprofiel/DCAT-AP-VL/kandidaatstandaard/2021-09-16",
    "repository": "https://github.com/Informatievlaanderen/OSLO-Generated",
    "branchtag": "production",
    "name": "DCAT-AP-VL-20",
    "filename": "config/DCAT-AP-VL-20.json",
    "navigation": {
      "prev": "/doc/applicatieprofiel/DCAT-AP-VL/erkendestandaard/2019-10-03",
      "next": "/doc/applicatieprofiel/DCAT-AP-VL/erkendestandaard/2021-12-02"
    },
    "type": "raw",
    "directory": "/doc/applicatieprofiel/DCAT-AP-VL/kandidaatstandaard/2021-09-16"
  },
  {
    "urlref": "/doc/applicatieprofiel/DCAT-AP-VL/erkendestandaard/2021-12-02",
    "repository": "https://github.com/Informatievlaanderen/OSLO-Generated",
    "branchtag": "production",
    "name": "DCAT-AP-VL-20",
    "filename": "config/DCAT-AP-VL-20.json",
    "navigation": {
      "prev": "/doc/applicatieprofiel/DCAT-AP-VL/kandidaatstandaard/2021-09-16",
      "next": "/doc/applicatieprofiel/DCAT-AP-VL/kandidaatstandaard/2022-02-03"
    },
    "type": "raw",
    "directory": "/doc/applicatieprofiel/DCAT-AP-VL/erkendestandaard/2021-12-02"
  },

  {
    "urlref": "/doc/applicatieprofiel/DCAT-AP-VL/kandidaatstandaard/2022-02-03",
    "repository": "https://github.com/Informatievlaanderen/OSLOthema-DCATAPVlaanderen",
    "branchtag": "kandidaatstandaard-2022-02-03",
    "name": "DCAT-AP-VL-20",
    "filename": "config/DCAT-AP-VL-20.json",
    "navigation": {
      "prev": "/doc/applicatieprofiel/DCAT-AP-VL/erkendestandaard/2021-12-02",
      "next": "/doc/applicatieprofiel/DCAT-AP-VL/erkendestandaard/2022-04-21"
    }
  },
  {
    "urlref": "/doc/applicatieprofiel/DCAT-AP-VL/erkendestandaard/2022-04-21",
    "repository": "https://github.com/Informatievlaanderen/OSLOthema-DCATAPVlaanderen",
    "branchtag": "7bb85dd3526dc1ba380d04a33dc4fd63f65c0c99",
    "name": "DCAT-AP-VL-20",
    "filename": "config/DCAT-AP-VL-20.json",
    "navigation": {
      "prev": "/doc/applicatieprofiel/DCAT-AP-VL/kandidaatstandaard/2022-02-03"
    }
  },
  {
    "urlref": "/doc/applicatieprofiel/DCAT-AP-VL/standaard/2019-06-13",
    "seealso": "/doc/applicatieprofiel/DCAT-AP-VL/erkendestandaard/2019-06-13",
    "type": "ap"
  },
  {
    "urlref": "/doc/applicatieprofiel/DCAT-AP-VL/",
    "seealso": "/doc/applicatieprofiel/DCAT-AP-VL/erkendestandaard/2022-04-21",
    "type": "ap",
    "dummy" : 1
  },



  {
    "urlref": "/doc/applicatieprofiel/GEODCAT-AP-VL",
    "seealso": "/doc/applicatieprofiel/GEODCAT-AP-VL/erkendestandaard/2022-04-21",
    "type": "ap",
    "dummy" : 1
  },
  {
    "urlref": "/doc/applicatieprofiel/GEODCAT-AP-VL/erkendestandaard/2022-04-21",
    "repository": "https://github.com/Informatievlaanderen/OSLOthema-GEODCATAPVlaanderen",
    "branchtag": "8e730bbeaff9231658094222c46cd417e49c0c4c",
    "name": "geodcatap-vlaanderen",
    "filename": "config/geodcatap-vlaanderen.json",
    "navigation": {
      "prev": "/doc/applicatieprofiel/GEODCAT-AP-VL/kandidaatstandaard/2022-02-03"
    },
    "examples": true
  },
  {
    "urlref": "/doc/applicatieprofiel/GEODCAT-AP-VL/kandidaatstandaard/2022-02-03",
    "repository": "https://github.com/Informatievlaanderen/OSLOthema-GEODCATAPVlaanderen",
    "branchtag": "c4f62556143bf74410c6cee9de3df60273d7df18",
    "name": "geodcatap-vlaanderen",
    "filename": "config/geodcatap-vlaanderen.json",
    "navigation": {
      "next": "/doc/applicatieprofiel/GEODCAT-AP-VL/erkendestandaard/2022-04-21"
    },
    "examples": true
  }

]
