[
  {
    "urlref": "/doc/applicatieprofiel/mobiliteitsbudget/ontwerpstandaard/2023-01-16",
    "repository": "https://github.com/Informatievlaanderen/OSLOthema-moBurgers",
    "branchtag": "main",
    "name": "mobiliteitsbudget-ap",
    "filename": "config/mobiliteitsbudget-ap.json",
    "disabled": false,
    "dummy": "005",
    "navigation": {}
  },
  {
    "urlref": "/doc/applicatieprofiel/mobiliteitsbudget",
    "seealso": "/doc/applicatieprofiel/mobiliteitsbudget/ontwerpstandaard/2023-01-16",
    "type": "ap",
    "disabled": false,
    "dummy": "005"
  },
  {
    "urlref": "/doc/vocabularium/mobiliteitsbudget/ontwerpstandaard/2023-01-16",
    "repository": "https://github.com/Informatievlaanderen/OSLOthema-moBurgers",
    "branchtag": "main",
    "name": "mobiliteitsbudget",
    "filename": "config/mobiliteitsbudget-voc.json",
    "disabled": false,
    "dummy": "005",
    "navigation": {}
  },
  {
    "urlref": "/ns/mobiliteitsbudget",
    "seealso": "/doc/vocabularium/mobiliteitsbudget/ontwerpstandaard/2023-01-16",
    "type": "voc",
    "disabled": false,
    "dummy": "005"
  }
]
