[
    {
        "urlref": "/doc/applicatieprofiel/omgevingsvergunning/kandidaatstandaard/2024-03-18",
        "repository": "https://github.com/Informatievlaanderen/OSLOthema-omgevingsvergunning",
        "branchtag": "main",
        "name": "omgevingsvergunning-ap",
        "filename": "config/eap-mapping.json",
        "navigation": {},
        "dummy": "017"
    },
    {
        "urlref": "/doc/applicatieprofiel/omgevingsvergunning",
        "seealso": "/doc/applicatieprofiel/omgevingsvergunning/kandidaatstandaard/2024-03-18",
        "type": "ap",
        "dummy": "017"
    },
    {
        "urlref": "/doc/vocabularium/omgevingsvergunning/kandidaatstandaard/2024-03-18",
        "repository": "https://github.com/Informatievlaanderen/OSLOthema-omgevingsvergunning",
        "branchtag": "main",
        "name": "omgevingsvergunning",
        "filename": "config/eap-mapping.json",
        "navigation": {},
        "dummy": "017"
    },
    {
        "urlref": "/ns/omgevingsvergunning",
        "seealso": "/doc/vocabularium/omgevingsvergunning/kandidaatstandaard/2024-03-18",
        "type": "voc",
        "dummy": "017"
    }
]