[
    {
        "urlref": "/doc/applicatieprofiel/overlijdensaangifte/ontwerpstandaard/2024-02-01",
        "repository": "https://github.com/Informatievlaanderen/OSLOthema-overlijdensaangifte",
        "branchtag": "main",
        "name": "overlijdensaangifte-ap",
        "filename": "config/overlijdensaangifte-ap.json",
        "navigation": {},
        "disabled": false,
        "dummy": "005"
    },
    {
        "urlref": "/doc/applicatieprofiel/overlijdensaangifte",
        "seealso": "/doc/applicatieprofiel/overlijdensaangifte/ontwerpstandaard/2024-02-01",
        "type": "ap",
        "disabled": false,
        "dummy": "005"
    },
    {
        "urlref": "/doc/vocabularium/overlijdensaangifte/ontwerpstandaard/2024-02-01",
        "repository": "https://github.com/Informatievlaanderen/OSLOthema-overlijdensaangifte",
        "branchtag": "main",
        "name": "overlijdensaangifte-voc",
        "filename": "config/overlijdensaangifte-voc.json",
        "navigation": {},
        "disabled": false,
        "dummy": "005"
    },
     {
        "urlref": "/doc/vocabularium/overlijdensaangifte",
        "seealso": "/doc/vocabularium/overlijdensaangifte/ontwerpstandaard/2024-02-01",
        "type": "voc",
        "disabled": false,
        "dummy": "005"
    },
    {
        "urlref": "/ns/overlijdensaangifte",
        "seealso": "/doc/vocabularium/overlijdensaangifte/ontwerpstandaard/2024-02-01",
        "type": "voc",
        "disabled": false,
        "dummy": "005"
    },
    {
        "urlref": "/doc/vocabularium/gezondheidstoestand/ontwerpstandaard/2024-04-11",
        "repository": "https://github.com/Informatievlaanderen/OSLOthema-overlijdensaangifte",
        "branchtag": "main",
        "name": "gezondheidstoestand-voc",
        "filename": "config/gezondheidstoestand-voc.json",
        "navigation": {},
        "disabled": false,
        "dummy": "005"
    },
     {
        "urlref": "/doc/vocabularium/gezondheidstoestand",
        "seealso": "/doc/vocabularium/gezondheidstoestand/ontwerpstandaard/2024-04-11",
        "type": "voc",
        "disabled": false,
        "dummy": "005"
    },
    {
        "urlref": "/ns/gezondheidstoestand",
        "seealso": "/doc/vocabularium/gezondheidstoestand/ontwerpstandaard/2024-04-11",
        "type": "voc",
        "disabled": false,
        "dummy": "005"
    } 
]
