[
	{
		"urlref": "/doc/applicatieprofiel/PersoonBasis/ontwerpstandaard/2023-06-01",
		"repository": "https://github.com/Informatievlaanderen/OSLOthema-persoon",
		"branchtag": "master",
		"name": "persoon-basis",
		"filename": "config/persoon-basis.json",
		"navigation": {},
		"dummy": "geert08"
	},
	{
		"urlref": "/doc/vocabularium/Persoon/ontwerpstandaard/2023-06-01",
		"repository": "https://github.com/Informatievlaanderen/OSLOthema-persoon",
		"branchtag": "master",
		"name": "persoon",
		"filename": "config/persoon.json",
		"navigation": {},
		"dummy": "geert03"
	},
	{
		"urlref": "/doc/vocabularium/iceg-Person/implementationModel/2023-06-01",
		"repository": "https://github.com/Informatievlaanderen/OSLOthema-persoon",
		"branchtag": "master",
		"name": "iceg-person",
		"filename": "config/iceg-person.json",
		"navigation": {},
		"dummy": "geert10"
	}
]
