[
   {
      "urlref": "/doc/applicatieprofiel/publicatie-advertentie/erkendestandaard/2023-11-09",
      "repository": "https://github.com/Informatievlaanderen/OSLOthema-visualo",
      "branchtag": "Erkend_09112023_01",
      "name": "mijn-applicatieprofiel-ap",
      "filename": "config/mijn-applicatieprofiel-ap.json",
      "navigation": {
         "prev": "/doc/applicatieprofiel/publicatie-advertentie/kandidaatstandaard/2023-04-24"
       },
      "dummy": "018"
   },
   {
      "urlref": "/doc/applicatieprofiel/publicatie-advertentie",
      "seealso": "/doc/applicatieprofiel/publicatie-advertentie/erkendestandaard/2023-11-09",
      "type": "ap",
      "dummy": "018"
   },
   {
      "urlref": "/doc/vocabularium/publicatie-advertentie/erkendestandaard/2023-11-09",
      "repository": "https://github.com/Informatievlaanderen/OSLOthema-visualo",
      "branchtag": "Erkend_09112023_01",
      "name": "publicatie-advertentie",
      "filename": "config/mijn-vocabularium-voc.json",
      "navigation": {
         "prev": "/doc/applicatieprofiel/dossier/kandidaatstandaard/2023-04-01"
       },
      "dummy": "018"
   },
   {
      "urlref": "/ns/campagne/publicatie",
      "seealso": "/doc/vocabularium/publicatie-advertentie/erkendestandaard/2023-11-09",
      "type": "voc",
      "dummy": "018"
   }
]
