[
    {
        "urlref": "/doc/applicatieprofiel/slimmeraadpleegomgeving/ontwerpstandaard/2023-11-06",
        "repository": "https://github.com/Informatievlaanderen/OSLOthema-slimmeRaadpleegOmgeving",
        "branchtag": "main",
        "name": "slimme-raadpleegomgeving-ap",
        "filename": "config/slimme-raadpleegomgeving-ap.json",
        "navigation": {},
        "dummy": "08"
    },
    {
        "urlref": "/doc/applicatieprofiel/slimmeraadpleegomgeving",
        "seealso": "/doc/applicatieprofiel/slimmeraadpleegomgeving/ontwerpstandaard/2023-11-06",
        "type": "ap",
        "dummy": "08"
    },
    {
        "urlref": "/doc/vocabularium/slimmeraadpleegomgeving/ontwerpstandaard/2023-11-06",
        "repository": "https://github.com/Informatievlaanderen/OSLOthema-slimmeRaadpleegOmgeving",
        "branchtag": "main",
        "name": "slimme-raadpleegomgeving-voc",
        "filename": "config/slimme-raadpleegomgeving-voc.json",
        "navigation": {},
        "dummy": "005"
    },
     {
        "urlref": "/doc/vocabularium/slimmeraadpleegomgeving",
        "seealso": "/doc/vocabularium/slimmeraadpleegomgeving/ontwerpstandaard/2023-11-06",
        "type": "voc",
        "dummy": "005"
    },
      {
        "urlref": "/ns/slimmeraadpleegomgeving",
        "seealso": "/doc/vocabularium/slimmeraadpleegomgeving/ontwerpstandaard/2023-11-06/",
        "type": "voc",
        "dummy": "005"
    }
]
