[
    {
        "urlref": "/doc/applicatieprofiel/slim-ruimtelijk-plannen/ontwerpstandaard/2024-01-22",
        "repository": "https://github.com/Informatievlaanderen/OSLOthema-slimRuimtelijkPlannen",
        "branchtag": "main",
        "name": "slim-ruimtelijk-plannen-ap",
        "filename": "config/slim-ruimtelijk-plannen-ap.json",
        "navigation": {},
        "disabled": false,
        "dummy": "006"
    },
    {
        "urlref": "/doc/applicatieprofiel/slim-ruimtelijk-plannen",
        "seealso": "/doc/applicatieprofiel/slim-ruimtelijk-plannen/ontwerpstandaard/2024-01-22",
        "type": "ap",
        "disabled": false,
        "dummy": "006"
    },
    {
        "urlref": "/doc/vocabularium/slim-ruimtelijk-plannen/ontwerpstandaard/2024-01-22",
        "repository": "https://github.com/Informatievlaanderen/OSLOthema-slimRuimtelijkPlannen",
        "branchtag": "main",
        "name": "slim-ruimtelijk-plannen-voc",
        "filename": "config/slim-ruimtelijk-plannen-voc.json",
        "navigation": {},
        "disabled": false,
        "dummy": "006"
    },
    {
        "urlref": "/doc/vocabularium/slim-ruimtelijk-plannen",
        "seealso": "/doc/vocabularium/slim-ruimtelijk-plannen/ontwerpstandaard/2024-01-22",
        "type": "voc",
        "disabled": false,
        "dummy": "006"
    }
]
