[
    {
        "urlref": "/doc/applicatieprofiel/vastgoed/ontwerpstandaard/2021-06-30",
        "repository": "https://github.com/Informatievlaanderen/OSLOthema-vastgoed",
        "branchtag": "master",
        "name": "OSLO-Vastgoed-AP",
        "filename": "config/OSLO-Vastgoed-AP.json",
        "navigation": {},
        "dummy": "003"
    },
    {
        "urlref": "/doc/applicatieprofiel/vastgoed",
        "seealso": "/doc/applicatieprofiel/vastgoed/ontwerpstandaard/2021-06-30",
        "type": "ap",
        "dummy": "003"
    },
    {
        "urlref": "/doc/vocabularium/vastgoed/ontwerpstandaard/2021-06-30",
        "repository": "https://github.com/Informatievlaanderen/OSLOthema-vastgoed",
        "branchtag": "master",
        "name": "OSLO-Vastgoed",
        "filename": "config/OSLO-Vastgoed-VOC.json",
        "navigation": {},
        "dummy": "003"
    },
    {
        "urlref": "/ns/vastgoed",
        "seealso": "/doc/vocabularium/vastgoed/ontwerpstandaard/2021-06-30",
        "type": "voc",
        "dummy": "003"
    }
]