[
  {
    "urlref": "/doc/applicatieprofiel/verkeersmetingen/ontwerpstandaard/2023-03-14",
    "repository": "https://github.com/Informatievlaanderen/OSLOthema-verkeersmetingen",
    "branchtag": "main",
    "directory": "/doc/applicatieprofiel/verkeersmetingen/ontwerpstandaard/2023-03-14",
    "name": "Verkeersmetingen-ap",
    "filename": "config/verkeersmetingen.json",
    "navigation": {
      "next": "/doc/applicatieprofiel/verkeersmetingen/kandidaatstandaard/2023-12-01"
    },
    "dummy": "001"
  },
  {
    "urlref": "/doc/applicatieprofiel/verkeersmetingen/kandidaatstandaard/2023-12-01",
    "repository": "https://github.com/Informatievlaanderen/OSLOthema-verkeersmetingen",
    "branchtag": "main",
    "directory": "/doc/applicatieprofiel/verkeersmetingen/kandidaatstandaard/2023-12-01",
    "name": "Verkeersmetingen-ap",
    "filename": "config/verkeersmetingen.json",
    "navigation": {
      "prev": "/doc/applicatieprofiel/verkeersmetingen/ontwerpstandaard/2023-03-14",
      "next": "/doc/applicatieprofiel/verkeersmetingen/erkendestandaard/2024-04-17"
    },
    "dummy": "033"
  },
  {
    "urlref": "/doc/applicatieprofiel/verkeersmetingen/erkendestandaard/2024-04-17",
    "repository": "https://github.com/Informatievlaanderen/OSLOthema-verkeersmetingen",
    "branchtag": "main",
    "directory": "/doc/applicatieprofiel/verkeersmetingen/erkendestandaard/2024-04-17",
    "name": "Verkeersmetingen-ap",
    "filename": "config/verkeersmetingen.json",
    "navigation": {
      "prev": "/doc/applicatieprofiel/verkeersmetingen/kandidaatstandaard/2023-12-01"
    },
    "dummy": "001"
  },
  {
    "urlref": "/doc/applicatieprofiel/verkeersmetingen",
    "seealso": "/doc/applicatieprofiel/verkeersmetingen/erkendestandaard/2024-04-17",
    "type": "ap",
    "dummy": "094"
  }, 
  {
    "urlref": "/doc/vocabularium/verkeersmetingen/ontwerpstandaard/2023-03-14",
    "repository": "https://github.com/Informatievlaanderen/OSLOthema-verkeersmetingen",
    "branchtag": "main",
    "name": "Verkeersmetingen-voc",
    "filename": "config/verkeersmetingen-voc.json",
    "navigation": {
      "next": "/doc/vocabularium/verkeersmetingen/kandidaatstandaard/2023-12-01"
    },
    "dummy": "001"
  },
  {
    "urlref": "/doc/vocabularium/verkeersmetingen/kandidaatstandaard/2023-12-01",
    "repository": "https://github.com/Informatievlaanderen/OSLOthema-verkeersmetingen",
    "branchtag": "main",
    "name": "Verkeersmetingen-voc",
    "filename": "config/verkeersmetingen-voc.json",
    "navigation": {
      "next": "/doc/vocabularium/verkeersmetingen/erkendestandaard/2024-04-17",
      "prev": "/doc/vocabularium/verkeersmetingen/ontwerpstandaard/2023-03-14"
    },
    "dummy": "040"
  },
  {
    "urlref": "/doc/vocabularium/verkeersmetingen/erkendestandaard/2024-04-17",
    "repository": "https://github.com/Informatievlaanderen/OSLOthema-verkeersmetingen",
    "branchtag": "main",
    "name": "Verkeersmetingen-voc",
    "filename": "config/verkeersmetingen-voc.json",
    "navigation": {
      "prev": "/doc/vocabularium/verkeersmetingen/kandidaatstandaard/2023-12-01"
    },
    "dummy": "001"
  },
  {
    "urlref": "/ns/verkeersmetingen",
    "seealso": "/doc/vocabularium/verkeersmetingen/erkendestandaard/2024-04-17",
    "type": "voc",
    "dummy": "040"
  }
]


