[
    {
        "urlref": "/doc/applicatieprofiel/mobiliteit/vervoersknooppunten/kandidaatstandaard/2022-04-01",
        "repository": "https://github.com/Informatievlaanderen/OSLOthema-hoppinPunten",
        "branchtag": "Kandidaat-20221031_02",
        "name": "OSLO-Vervoersknooppunten-ap",
        "filename": "config/vervoersknooppunten-ap.json",
        "dummy": "002",
        "navigation": {
            "next": "/doc/applicatieprofiel/mobiliteit/vervoersknooppunten/erkendestandaard/2022-12-01"
        }
    },
    {
        "urlref": "/doc/applicatieprofiel/mobiliteit/vervoersknooppunten/erkendestandaard/2022-12-01",
        "repository": "https://github.com/Informatievlaanderen/OSLOthema-hoppinPunten",
        "branchtag": "Erkende-20221201_01",
        "name": "OSLO-Vervoersknooppunten-ap",
        "filename": "config/vervoersknooppunten-ap.json",
        "dummy": "002",
        "navigation": {
            "prev": "/doc/applicatieprofiel/mobiliteit/vervoersknooppunten/kandidaatstandaard/2022-04-01"
        }
    },
    {
        "urlref": "/doc/applicatieprofiel/mobiliteit/vervoersknooppunten",
        "seealso": "/doc/applicatieprofiel/mobiliteit/vervoersknooppunten/erkendestandaard/2022-12-01",
        "type": "ap",
        "dummy": "002"
    },
    {
        "urlref": "/doc/vocabularium/mobiliteit/vervoersknooppunten/kandidaatstandaard/2022-04-01",
        "repository": "https://github.com/Informatievlaanderen/OSLOthema-hoppinPunten",
        "branchtag": "Kandidaat-20221031_02",
        "name": "vervoersknooppunten",
        "filename": "config/vervoersknooppunten-voc.json",
        "dummy": "002",
        "navigation": {
            "next": "/doc/vocabularium/mobiliteit/vervoersknooppunten/erkendestandaard/2022-12-01"
        }
    },
    {
        "urlref": "/doc/vocabularium/mobiliteit/vervoersknooppunten/erkendestandaard/2022-12-01",
        "repository": "https://github.com/Informatievlaanderen/OSLOthema-hoppinPunten",
        "branchtag": "Erkende-20221201_01",
        "name": "vervoersknooppunten",
        "filename": "config/vervoersknooppunten-voc.json",
        "dummy": "002",
        "navigation": {
            "prev":"/doc/vocabularium/mobiliteit/vervoersknooppunten/kandidaatstandaard/2022-04-01"
        }
    },
    {
        "urlref": "/ns/mobiliteit/vervoersknooppunten",
        "seealso": "/doc/vocabularium/mobiliteit/vervoersknooppunten/erkendestandaard/2022-12-01",
        "type": "voc",
        "dummy": "002"
    }
]