[
  {
    "urlref": "/doc/applicatieprofiel/voorwaarden-dienstverlening/kandidaatstandaard/2023-07-11",
    "repository": "https://github.com/Informatievlaanderen/OSLOthema-voorwaarden-dienstverlening",
    "branchtag": "main",
    "name": "OSLO-voorwaardendienstverlening-ap",
    "filename": "config/Voorwaarden-Dienstverlening-ap.json",
    "navigation": {},
    "disabled": false,
    "dummy": "003"
  },
  {
    "urlref": "/doc/applicatieprofiel/voorwaarden-dienstverlening",
    "seealso": "/doc/applicatieprofiel/voorwaarden-dienstverlening/kandidaatstandaard/2023-07-11",
    "type": "ap",
    "disabled": false,
    "dummy": "003"
  }
]
