[
  {
    "urlref": "/doc/applicatieprofiel/vrachtwagenparkeren/ontwerpstandaard/2023-11-30",
    "repository": "https://github.com/Informatievlaanderen/OSLOthema-vrachtwagenParkeren",
    "branchtag": "main",
    "name": "vrachtwagenParkeren-ap",
    "filename": "config/vrachtwagenParkeren-ap.json",
    "disabled": false,
    "dummy": "025"
  },
  {
    "urlref": "/doc/applicatieprofiel/vrachtwagenparkeren",
    "seealso": "/doc/applicatieprofiel/vrachtwagenparkeren/2023-11-30",
    "type": "ap",
    "disabled": false,
    "dummy": "025"
  }, 
 {
    "urlref": "/doc/vocabularium/vrachtwagenparkeren/ontwerpstandaard/2023-11-30",
    "repository": "https://github.com/Informatievlaanderen/OSLOthema-vrachtwagenParkeren",
    "branchtag": "main",
    "name": "Vrachtwagenparkeren",
    "filename": "config/Vrachtwagenparkeren-voc.json",
    "disabled": false,
    "dummy": "019"
  },
  {
    "urlref": "/ns/vrachtwagenparkeren",
    "seealso": "/doc/vocabularium/vrachtwagenparkeren/ontwerpstandaard/2023-11-30",
    "type": "voc",
    "disabled": false,
    "dummy": "019"
  }
]
