[
   {
      "urlref": "/doc/applicatieprofiel/waterkwaliteit/ontwerpstandaard/2022-05-24",
      "repository": "https://github.com/Informatievlaanderen/OSLOthema-Waterkwaliteit",
      "branchtag": "ontwerp_2022-03-15",
      "name": "waterkwaliteit-ap",
      "filename": "config/waterkwaliteit-ap.json",
      "navigation": {
         "next": "/doc/applicatieprofiel/waterkwaliteit/kandidaatstandaard/2022-10-17"
      },
      "disabled": false,
      "dummy": "003"
   },
   {
      "urlref": "/doc/applicatieprofiel/waterkwaliteit/kandidaatstandaard/2022-10-17",
      "repository": "https://github.com/Informatievlaanderen/OSLOthema-Waterkwaliteit",
      "branchtag": "kandidaat_2022-10-17_02",
      "name": "waterkwaliteit-ap",
      "filename": "config/waterkwaliteit-ap.json",
      "navigation": {
         "prev": "/doc/applicatieprofiel/waterkwaliteit/ontwerpstandaard/2022-05-24"
      },
      "disabled": false,
      "dummy": "003"
   },
   {
      "urlref": "/doc/applicatieprofiel/waterkwaliteit",
      "seealso": "/doc/applicatieprofiel/waterkwaliteit/kandidaatstandaard/2023-06-01",
      "type": "ap",
      "disabled": false,
      "dummy": "geert047"
   },
   {
      "urlref": "/doc/applicatieprofiel/waterkwaliteit/kandidaatstandaard/2023-06-01",
      "repository": "https://github.com/Informatievlaanderen/OSLOthema-Waterkwaliteit",
      "branchtag": "master",
      "name": "waterkwaliteit-ap",
      "filename": "config/waterkwaliteit-ap.json",
            "navigation": {
         "prev": "/doc/applicatieprofiel/waterkwaliteit/kandidaatstandaard/2022-10-17"
      },
      "dummy": "geert047"
   },
   {
      "urlref": "/doc/vocabularium/waterkwaliteit/ontwerpstandaard/2022-05-24",
      "repository": "https://github.com/Informatievlaanderen/OSLOthema-Waterkwaliteit",
      "branchtag": "ontwerp_2022-03-15",
      "name": "waterkwaliteit",
      "filename": "config/waterkwaliteit-voc.json",
      "navigation": {
         "next": "/doc/vocabularium/waterkwaliteit/kandidaatstandaard/2022-10-17"
      },
      "disabled": false,
      "dummy": "002"
   },
   {
      "urlref": "/doc/vocabularium/waterkwaliteit/kandidaatstandaard/2022-10-17",
      "repository": "https://github.com/Informatievlaanderen/OSLOthema-Waterkwaliteit",
      "branchtag": "kandidaat_2022-10-17_02",
      "name": "waterkwaliteit",
      "filename": "config/waterkwaliteit-voc.json",
      "navigation": {
         "prev": "/doc/vocabularium/waterkwaliteit/ontwerpstandaard/2022-05-24"
      },
      "disabled": false,
      "dummy": "003"
   },
   {
      "urlref": "/ns/waterkwaliteit",
      "seealso": "/doc/vocabularium/waterkwaliteit/kandidaatstandaard/2023-06-01",
      "type": "voc",
      "disabled": false,
      "dummy": "geert043"
   },
   {
      "urlref": "/doc/vocabularium/waterkwaliteit/kandidaatstandaard/2023-06-01",
      "repository": "https://github.com/Informatievlaanderen/OSLOthema-Waterkwaliteit",
      "branchtag": "master",
      "name": "waterkwaliteit",
      "filename": "config/waterkwaliteit-voc.json",
      "navigation": {
         "prev": "/doc/vocabularium/waterkwaliteit/kandidaatstandaard/2022-10-17"
      },
      "dummy": "geert043"
   },   
   {
      "urlref": "/doc/applicatieprofiel/statistiek/ontwerpstandaard/2022-03-15",
      "repository": "https://github.com/Informatievlaanderen/OSLOthema-Waterkwaliteit",
      "branchtag": "ontwerp_2022-03-15",
      "name": "statistiek-ap",
      "filename": "config/statistiek-ap.json",
      "navigation": {
         "next": "/doc/applicatieprofiel/statistiek/kandidaatstandaard/2022-10-17"
      },
      "disabled": false,
      "dummy": "002"
   },
   {
      "urlref": "/doc/applicatieprofiel/statistiek/kandidaatstandaard/2022-10-17",
      "repository": "https://github.com/Informatievlaanderen/OSLOthema-Waterkwaliteit",
      "branchtag": "kandidaat_2022-10-17_02",
      "name": "statistiek-ap",
      "filename": "config/statistiek-ap.json",
      "navigation": {
         "prev": "/doc/applicatieprofiel/statistiek/ontwerpstandaard/2022-03-15"
      },
      "disabled": false,
      "dummy": "003"
   },
   {
      "urlref": "/doc/applicatieprofiel/statistiek",
      "seealso": "/doc/applicatieprofiel/statistiek/kandidaatstandaard/2023-06-01",
      "type": "ap",
      "disabled": false,
      "dummy": "013"
   },
     {
      "urlref": "/doc/applicatieprofiel/statistiek/kandidaatstandaard/2023-06-01",
      "repository": "https://github.com/Informatievlaanderen/OSLOthema-Waterkwaliteit",
      "branchtag": "master",
      "name": "statistiek-ap",
      "filename": "config/statistiek-ap.json",
      "navigation": {
         "prev": "/doc/applicatieprofiel/statistiek/ontwerpstandaard/2022-10-17"
      },
      "disabled": false,
      "dummy": "013"
   },
   {
      "urlref": "/doc/vocabularium/statistiek/ontwerpstandaard/2022-03-15",
      "repository": "https://github.com/Informatievlaanderen/OSLOthema-Waterkwaliteit",
      "branchtag": "ontwerp_2022-03-15",
      "name": "statistiek",
      "filename": "config/statistiek-voc.json",
      "navigation": {
         "next": "/doc/vocabularium/statistiek/kandidaatstandaard/2022-10-17"
      },
      "disabled": false,
      "dummy": "002"
   },
   {
      "urlref": "/doc/vocabularium/statistiek/kandidaatstandaard/2022-10-17",
      "repository": "https://github.com/Informatievlaanderen/OSLOthema-Waterkwaliteit",
      "branchtag": "kandidaat_2022-10-17_02",
      "name": "statistiek",
      "filename": "config/statistiek-voc.json",
      "navigation": {
         "prev": "/doc/vocabularium/statistiek/ontwerpstandaard/2022-03-15"
      },
      "disabled": false,
      "dummy": "003"
   },
   {
      "urlref": "/ns/statistiek",
      "seealso": "/doc/vocabularium/statistiek/kandidaatstandaard/2023-06-01",
      "type": "voc",
      "disabled": false,
      "dummy": "013"
   },
      {
      "urlref": "/doc/vocabularium/statistiek/kandidaatstandaard/2023-06-01",
      "repository": "https://github.com/Informatievlaanderen/OSLOthema-Waterkwaliteit",
      "branchtag": "master",
      "name": "statistiek",
      "filename": "config/statistiek-voc.json",
      "navigation": {
         "prev": "/doc/vocabularium/statistiek/ontwerpstandaard/2022-10-17"
      },
      "disabled": false,
      "dummy": "013"
   },
   {
      "urlref": "/doc/applicatieprofiel/datakwaliteit/ontwerpstandaard/2022-03-15",
      "repository": "https://github.com/Informatievlaanderen/OSLOthema-Waterkwaliteit",
      "branchtag": "ontwerp_2022-03-15",
      "name": "datakwaliteit-ap",
      "filename": "config/datakwaliteit-ap.json",
      "navigation": {
         "next": "/doc/applicatieprofiel/datakwaliteit/kandidaatstandaard/2022-10-17"
      },
      "disabled": false,
      "dummy": "002"
   },
   {
      "urlref": "/doc/applicatieprofiel/datakwaliteit/kandidaatstandaard/2022-10-17",
      "repository": "https://github.com/Informatievlaanderen/OSLOthema-Waterkwaliteit",
      "branchtag": "kandidaat_2022-10-17_02",
      "name": "datakwaliteit-ap",
      "filename": "config/datakwaliteit-ap.json",
      "navigation": {
         "prev": "/doc/applicatieprofiel/datakwaliteit/ontwerpstandaard/2022-03-15"
      },
      "disabled": false,
      "dummy": "003"
   },
   {
      "urlref": "/doc/applicatieprofiel/datakwaliteit",
      "seealso": "/doc/applicatieprofiel/datakwaliteit/kandidaatstandaard/2023-06-01",
      "type": "ap",
      "disabled": false,
      "dummy": "geert030"
   },
   {
      "urlref": "/doc/applicatieprofiel/datakwaliteit/kandidaatstandaard/2023-06-01",
      "repository": "https://github.com/Informatievlaanderen/OSLOthema-Waterkwaliteit",
      "branchtag": "master",
      "name": "datakwaliteit-ap",
      "filename": "config/datakwaliteit-ap.json",
      "navigation": {
         "prev": "/doc/applicatieprofiel/datakwaliteit/ontwerpstandaard/2022-10-17"
      },
      "disabled": false,
      "dummy": "geert030"
   },   
   {
      "urlref": "/doc/vocabularium/datakwaliteit/ontwerpstandaard/2022-03-15",
      "repository": "https://github.com/Informatievlaanderen/OSLOthema-Waterkwaliteit",
      "branchtag": "ontwerp_2022-03-15",
      "name": "datakwaliteit",
      "filename": "config/datakwaliteit-voc.json",
      "navigation": {
         "next": "/doc/vocabularium/datakwaliteit/kandidaatstandaard/2022-10-17"
      },
      "disabled": false,
      "dummy": "002"
   },
   {
      "urlref": "/doc/vocabularium/datakwaliteit/kandidaatstandaard/2022-10-17",
      "repository": "https://github.com/Informatievlaanderen/OSLOthema-Waterkwaliteit",
      "branchtag": "kandidaat_2022-10-17_02",
      "name": "datakwaliteit",
      "filename": "config/datakwaliteit-voc.json",
      "navigation": {
         "prev": "/doc/vocabularium/datakwaliteit/ontwerpstandaard/2022-03-15"
      },
      "disabled": false,
      "dummy": "003"
   },
   {
      "urlref": "/doc/vocabularium/datakwaliteit/kandidaatstandaard/2023-06-01",
      "repository": "https://github.com/Informatievlaanderen/OSLOthema-Waterkwaliteit",
      "branchtag": "master",
      "name": "datakwaliteit",
      "filename": "config/datakwaliteit-voc.json",
      "navigation": {
         "prev": "/doc/vocabularium/datakwaliteit/ontwerpstandaard/2022-10-17"
      },
      "disabled": false,
      "dummy": "029"
   },
   {
      "urlref": "/ns/datakwaliteit",
      "seealso": "/doc/vocabularium/datakwaliteit/kandidaatstandaard/2023-06-01",
      "type": "voc",
      "disabled": false,
      "dummy": "029"
   }
]
